t,l,theta,phi,fx,fy,fz,upx,upy,upz
0.0,3.0,1.5707963267948966,0.0,-1.0,0.0,0.0,0.0,0.0,1.0
0.06006006006006006,3.0,1.5707963267948966,0.006289474781961548,-1.0,0.0,0.0,0.0,0.0,1.0
0.12012012012012012,3.0,1.5707963267948966,0.012578949563923096,-1.0,0.0,0.0,0.0,0.0,1.0
0.18018018018018017,3.0,1.5707963267948966,0.018868424345884642,-1.0,0.0,0.0,0.0,0.0,1.0
0.24024024024024024,3.0,1.5707963267948966,0.025157899127846193,-1.0,0.0,0.0,0.0,0.0,1.0
0.3003003003003003,3.0,1.5707963267948966,0.031447373909807744,-1.0,0.0,0.0,0.0,0.0,1.0
0.36036036036036034,3.0,1.5707963267948966,0.037736848691769284,-1.0,0.0,0.0,0.0,0.0,1.0
0.42042042042042044,3.0,1.5707963267948966,0.04402632347373083,-1.0,0.0,0.0,0.0,0.0,1.0
0.4804804804804805,3.0,1.5707963267948966,0.050315798255692386,-1.0,0.0,0.0,0.0,0.0,1.0
0.5405405405405406,3.0,1.5707963267948966,0.05660527303765393,-1.0,0.0,0.0,0.0,0.0,1.0
0.6006006006006006,3.0,1.5707963267948966,0.06289474781961549,-1.0,0.0,0.0,0.0,0.0,1.0
0.6606606606606606,3.0,1.5707963267948966,0.06918422260157703,-1.0,0.0,0.0,0.0,0.0,1.0
0.7207207207207207,3.0,1.5707963267948966,0.07547369738353857,-1.0,0.0,0.0,0.0,0.0,1.0
0.7807807807807807,3.0,1.5707963267948966,0.08176317216550011,-1.0,0.0,0.0,0.0,0.0,1.0
0.8408408408408409,3.0,1.5707963267948966,0.08805264694746166,-1.0,0.0,0.0,0.0,0.0,1.0
0.9009009009009009,3.0,1.5707963267948966,0.09434212172942322,-1.0,0.0,0.0,0.0,0.0,1.0
0.960960960960961,3.0,1.5707963267948966,0.10063159651138477,-1.0,0.0,0.0,0.0,0.0,1.0
1.021021021021021,3.0,1.5707963267948966,0.10692107129334633,-1.0,0.0,0.0,0.0,0.0,1.0
1.0810810810810811,3.0,1.5707963267948966,0.11321054607530787,-1.0,0.0,0.0,0.0,0.0,1.0
1.1411411411411412,3.0,1.5707963267948966,0.1195000208572694,-1.0,0.0,0.0,0.0,0.0,1.0
1.2012012012012012,3.0,1.5707963267948966,0.12578949563923097,-1.0,0.0,0.0,0.0,0.0,1.0
1.2612612612612613,3.0,1.5707963267948966,0.13207897042119252,-1.0,0.0,0.0,0.0,0.0,1.0
1.3213213213213213,3.0,1.5707963267948966,0.13836844520315406,-1.0,0.0,0.0,0.0,0.0,1.0
1.3813813813813813,3.0,1.5707963267948966,0.1446579199851156,-1.0,0.0,0.0,0.0,0.0,1.0
1.4414414414414414,3.0,1.5707963267948966,0.15094739476707714,-1.0,0.0,0.0,0.0,0.0,1.0
1.5015015015015014,3.0,1.5707963267948966,0.15723686954903868,-1.0,0.0,0.0,0.0,0.0,1.0
1.5615615615615615,3.0,1.5707963267948966,0.16352634433100022,-1.0,0.0,0.0,0.0,0.0,1.0
1.6216216216216217,3.0,1.5707963267948966,0.16981581911296179,-1.0,0.0,0.0,0.0,0.0,1.0
1.6816816816816818,3.0,1.5707963267948966,0.17610529389492333,-1.0,0.0,0.0,0.0,0.0,1.0
1.7417417417417418,3.0,1.5707963267948966,0.1823947686768849,-1.0,0.0,0.0,0.0,0.0,1.0
1.8018018018018018,3.0,1.5707963267948966,0.18868424345884643,-1.0,0.0,0.0,0.0,0.0,1.0
1.8618618618618619,3.0,1.5707963267948966,0.19497371824080797,-1.0,0.0,0.0,0.0,0.0,1.0
1.921921921921922,3.0,1.5707963267948966,0.20126319302276954,-1.0,0.0,0.0,0.0,0.0,1.0
1.981981981981982,3.0,1.5707963267948966,0.20755266780473108,-1.0,0.0,0.0,0.0,0.0,1.0
2.042042042042042,3.0,1.5707963267948966,0.21384214258669265,-1.0,0.0,0.0,0.0,0.0,1.0
2.1021021021021022,3.0,1.5707963267948966,0.2201316173686542,-1.0,0.0,0.0,0.0,0.0,1.0
2.1621621621621623,3.0,1.5707963267948966,0.22642109215061573,-1.0,0.0,0.0,0.0,0.0,1.0
2.2222222222222223,3.0,1.5707963267948966,0.23271056693257727,-1.0,0.0,0.0,0.0,0.0,1.0
2.2822822822822824,3.0,1.5707963267948966,0.2390000417145388,-1.0,0.0,0.0,0.0,0.0,1.0
2.3423423423423424,3.0,1.5707963267948966,0.24528951649650035,-1.0,0.0,0.0,0.0,0.0,1.0
2.4024024024024024,3.0,1.5707963267948966,0.25157899127846195,-1.0,0.0,0.0,0.0,0.0,1.0
2.4624624624624625,3.0,1.5707963267948966,0.25786846606042346,-1.0,0.0,0.0,0.0,0.0,1.0
2.5225225225225225,3.0,1.5707963267948966,0.26415794084238503,-1.0,0.0,0.0,0.0,0.0,1.0
2.5825825825825826,3.0,1.5707963267948966,0.27044741562434654,-1.0,0.0,0.0,0.0,0.0,1.0
2.6426426426426426,3.0,1.5707963267948966,0.2767368904063081,-1.0,0.0,0.0,0.0,0.0,1.0
2.7027027027027026,3.0,1.5707963267948966,0.2830263651882696,-1.0,0.0,0.0,0.0,0.0,1.0
2.7627627627627627,3.0,1.5707963267948966,0.2893158399702312,-1.0,0.0,0.0,0.0,0.0,1.0
2.8228228228228227,3.0,1.5707963267948966,0.2956053147521927,-1.0,0.0,0.0,0.0,0.0,1.0
2.8828828828828827,3.0,1.5707963267948966,0.3018947895341543,-1.0,0.0,0.0,0.0,0.0,1.0
2.942942942942943,3.0,1.5707963267948966,0.3081842643161158,-1.0,0.0,0.0,0.0,0.0,1.0
3.003003003003003,3.0,1.5707963267948966,0.31447373909807735,-1.0,0.0,0.0,0.0,0.0,1.0
3.063063063063063,3.0,1.5707963267948966,0.32076321388003887,-1.0,0.0,0.0,0.0,0.0,1.0
3.123123123123123,3.0,1.5707963267948966,0.32705268866200043,-1.0,0.0,0.0,0.0,0.0,1.0
3.183183183183183,3.0,1.5707963267948966,0.33334216344396206,-1.0,0.0,0.0,0.0,0.0,1.0
3.2432432432432434,3.0,1.5707963267948966,0.33963163822592357,-1.0,0.0,0.0,0.0,0.0,1.0
3.3033033033033035,3.0,1.5707963267948966,0.34592111300788514,-1.0,0.0,0.0,0.0,0.0,1.0
3.3633633633633635,3.0,1.5707963267948966,0.35221058778984665,-1.0,0.0,0.0,0.0,0.0,1.0
3.4234234234234235,3.0,1.5707963267948966,0.3585000625718083,-1.0,0.0,0.0,0.0,0.0,1.0
3.4834834834834836,3.0,1.5707963267948966,0.3647895373537698,-1.0,0.0,0.0,0.0,0.0,1.0
3.5435435435435436,3.0,1.5707963267948966,0.37107901213573136,-1.0,0.0,0.0,0.0,0.0,1.0
3.6036036036036037,3.0,1.5707963267948966,0.37736848691769287,-1.0,0.0,0.0,0.0,0.0,1.0
3.6636636636636637,3.0,1.5707963267948966,0.38365796169965444,-1.0,0.0,0.0,0.0,0.0,1.0
3.7237237237237237,3.0,1.5707963267948966,0.38994743648161595,-1.0,0.0,0.0,0.0,0.0,1.0
3.7837837837837838,3.0,1.5707963267948966,0.3962369112635775,-1.0,0.0,0.0,0.0,0.0,1.0
3.843843843843844,3.0,1.5707963267948966,0.4025263860455391,-1.0,0.0,0.0,0.0,0.0,1.0
3.903903903903904,3.0,1.5707963267948966,0.4088158608275006,-1.0,0.0,0.0,0.0,0.0,1.0
3.963963963963964,3.0,1.5707963267948966,0.41510533560946217,-1.0,0.0,0.0,0.0,0.0,1.0
4.024024024024024,3.0,1.5707963267948966,0.42139481039142374,-1.0,0.0,0.0,0.0,0.0,1.0
4.084084084084084,3.0,1.5707963267948966,0.4276842851733853,-1.0,0.0,0.0,0.0,0.0,1.0
4.1441441441441444,3.0,1.5707963267948966,0.4339737599553468,-1.0,0.0,0.0,0.0,0.0,1.0
4.2042042042042045,3.0,1.5707963267948966,0.4402632347373084,-1.0,0.0,0.0,0.0,0.0,1.0
4.2642642642642645,3.0,1.5707963267948966,0.4465527095192699,-1.0,0.0,0.0,0.0,0.0,1.0
4.324324324324325,3.0,1.5707963267948966,0.45284218430123147,-1.0,0.0,0.0,0.0,0.0,1.0
4.384384384384385,3.0,1.5707963267948966,0.459131659083193,-1.0,0.0,0.0,0.0,0.0,1.0
4.444444444444445,3.0,1.5707963267948966,0.46542113386515455,-1.0,0.0,0.0,0.0,0.0,1.0
4.504504504504505,3.0,1.5707963267948966,0.47171060864711606,-1.0,0.0,0.0,0.0,0.0,1.0
4.564564564564565,3.0,1.5707963267948966,0.4780000834290776,-1.0,0.0,0.0,0.0,0.0,1.0
4.624624624624625,3.0,1.5707963267948966,0.4842895582110392,-1.0,0.0,0.0,0.0,0.0,1.0
4.684684684684685,3.0,1.5707963267948966,0.4905790329930007,-1.0,0.0,0.0,0.0,0.0,1.0
4.744744744744745,3.0,1.5707963267948966,0.49686850777496233,-1.0,0.0,0.0,0.0,0.0,1.0
4.804804804804805,3.0,1.5707963267948966,0.5031579825569239,-1.0,0.0,0.0,0.0,0.0,1.0
4.864864864864865,3.0,1.5707963267948966,0.5094474573388854,-1.0,0.0,0.0,0.0,0.0,1.0
4.924924924924925,3.0,1.5707963267948966,0.5157369321208469,-1.0,0.0,0.0,0.0,0.0,1.0
4.984984984984985,3.0,1.5707963267948966,0.5220264069028084,-1.0,0.0,0.0,0.0,0.0,1.0
5.045045045045045,3.0,1.5707963267948966,0.5283158816847701,-1.0,0.0,0.0,0.0,0.0,1.0
5.105105105105105,3.0,1.5707963267948966,0.5346053564667315,-1.0,0.0,0.0,0.0,0.0,1.0
5.165165165165165,3.0,1.5707963267948966,0.5408948312486931,-1.0,0.0,0.0,0.0,0.0,1.0
5.225225225225225,3.0,1.5707963267948966,0.5471843060306546,-1.0,0.0,0.0,0.0,0.0,1.0
5.285285285285285,3.0,1.5707963267948966,0.5534737808126162,-1.0,0.0,0.0,0.0,0.0,1.0
5.345345345345345,3.0,1.5707963267948966,0.5597632555945778,-1.0,0.0,0.0,0.0,0.0,1.0
5.405405405405405,3.0,1.5707963267948966,0.5660527303765392,-1.0,0.0,0.0,0.0,0.0,1.0
5.465465465465465,3.0,1.5707963267948966,0.5723422051585009,-1.0,0.0,0.0,0.0,0.0,1.0
5.525525525525525,3.0,1.5707963267948966,0.5786316799404624,-1.0,0.0,0.0,0.0,0.0,1.0
5.585585585585585,3.0,1.5707963267948966,0.584921154722424,-1.0,0.0,0.0,0.0,0.0,1.0
5.645645645645645,3.0,1.5707963267948966,0.5912106295043854,-1.0,0.0,0.0,0.0,0.0,1.0
5.7057057057057055,3.0,1.5707963267948966,0.597500104286347,-1.0,0.0,0.0,0.0,0.0,1.0
5.7657657657657655,3.0,1.5707963267948966,0.6037895790683085,-1.0,0.0,0.0,0.0,0.0,1.0
5.8258258258258255,3.0,1.5707963267948966,0.6100790538502702,-1.0,0.0,0.0,0.0,0.0,1.0
5.885885885885886,3.0,1.5707963267948966,0.6163685286322316,-1.0,0.0,0.0,0.0,0.0,1.0
5.945945945945946,3.0,1.5707963267948966,0.6226580034141932,-1.0,0.0,0.0,0.0,0.0,1.0
6.006006006006006,3.0,1.5707963267948966,0.6289474781961547,-1.0,0.0,0.0,0.0,0.0,1.0
6.066066066066066,3.0,1.5707963267948966,0.6352369529781163,-1.0,0.0,0.0,0.0,0.0,1.0
6.126126126126126,3.0,1.5707963267948966,0.6415264277600777,-1.0,0.0,0.0,0.0,0.0,1.0
6.186186186186186,3.0,1.5707963267948966,0.6478159025420394,-1.0,0.0,0.0,0.0,0.0,1.0
6.246246246246246,3.0,1.5707963267948966,0.6541053773240009,-1.0,0.0,0.0,0.0,0.0,1.0
6.306306306306306,3.0,1.5707963267948966,0.6603948521059625,-1.0,0.0,0.0,0.0,0.0,1.0
6.366366366366366,3.0,1.5707963267948966,0.6666843268879241,-1.0,0.0,0.0,0.0,0.0,1.0
6.426426426426427,3.0,1.5707963267948966,0.6729738016698856,-1.0,0.0,0.0,0.0,0.0,1.0
6.486486486486487,3.0,1.5707963267948966,0.6792632764518471,-1.0,0.0,0.0,0.0,0.0,1.0
6.546546546546547,3.0,1.5707963267948966,0.6855527512338088,-1.0,0.0,0.0,0.0,0.0,1.0
6.606606606606607,3.0,1.5707963267948966,0.6918422260157703,-1.0,0.0,0.0,0.0,0.0,1.0
6.666666666666667,3.0,1.5707963267948966,0.6981317007977318,-1.0,0.0,0.0,0.0,0.0,1.0
6.726726726726727,3.0,1.5707963267948966,0.7044211755796933,-1.0,0.0,0.0,0.0,0.0,1.0
6.786786786786787,3.0,1.5707963267948966,0.7107106503616549,-1.0,0.0,0.0,0.0,0.0,1.0
6.846846846846847,3.0,1.5707963267948966,0.7170001251436166,-1.0,0.0,0.0,0.0,0.0,1.0
6.906906906906907,3.0,1.5707963267948966,0.7232895999255781,-1.0,0.0,0.0,0.0,0.0,1.0
6.966966966966967,3.0,1.5707963267948966,0.7295790747075396,-1.0,0.0,0.0,0.0,0.0,1.0
7.027027027027027,3.0,1.5707963267948966,0.7358685494895011,-1.0,0.0,0.0,0.0,0.0,1.0
7.087087087087087,3.0,1.5707963267948966,0.7421580242714627,-1.0,0.0,0.0,0.0,0.0,1.0
7.147147147147147,3.0,1.5707963267948966,0.7484474990534242,-1.0,0.0,0.0,0.0,0.0,1.0
7.207207207207207,3.0,1.5707963267948966,0.7547369738353857,-1.0,0.0,0.0,0.0,0.0,1.0
7.267267267267267,3.0,1.5707963267948966,0.7610264486173473,-1.0,0.0,0.0,0.0,0.0,1.0
7.327327327327327,3.0,1.5707963267948966,0.7673159233993089,-1.0,0.0,0.0,0.0,0.0,1.0
7.387387387387387,3.0,1.5707963267948966,0.7736053981812704,-1.0,0.0,0.0,0.0,0.0,1.0
7.4474474474474475,3.0,1.5707963267948966,0.7798948729632319,-1.0,0.0,0.0,0.0,0.0,1.0
7.5075075075075075,3.0,1.5707963267948966,0.7861843477451934,-1.0,0.0,0.0,0.0,0.0,1.0
7.5675675675675675,3.0,1.5707963267948966,0.792473822527155,-1.0,0.0,0.0,0.0,0.0,1.0
7.627627627627628,3.0,1.5707963267948966,0.7987632973091165,-1.0,0.0,0.0,0.0,0.0,1.0
7.687687687687688,3.0,1.5707963267948966,0.8050527720910782,-1.0,0.0,0.0,0.0,0.0,1.0
7.747747747747748,3.0,1.5707963267948966,0.8113422468730396,-1.0,0.0,0.0,0.0,0.0,1.0
7.807807807807808,3.0,1.5707963267948966,0.8176317216550012,-1.0,0.0,0.0,0.0,0.0,1.0
7.867867867867868,3.0,1.5707963267948966,0.8239211964369627,-1.0,0.0,0.0,0.0,0.0,1.0
7.927927927927928,3.0,1.5707963267948966,0.8302106712189243,-1.0,0.0,0.0,0.0,0.0,1.0
7.987987987987988,3.0,1.5707963267948966,0.8365001460008858,-1.0,0.0,0.0,0.0,0.0,1.0
8.048048048048049,3.0,1.5707963267948966,0.8427896207828475,-1.0,0.0,0.0,0.0,0.0,1.0
8.108108108108109,3.0,1.5707963267948966,0.849079095564809,-1.0,0.0,0.0,0.0,0.0,1.0
8.168168168168169,3.0,1.5707963267948966,0.8553685703467706,-1.0,0.0,0.0,0.0,0.0,1.0
8.228228228228229,3.0,1.5707963267948966,0.861658045128732,-1.0,0.0,0.0,0.0,0.0,1.0
8.288288288288289,3.0,1.5707963267948966,0.8679475199106936,-1.0,0.0,0.0,0.0,0.0,1.0
8.348348348348349,3.0,1.5707963267948966,0.8742369946926551,-1.0,0.0,0.0,0.0,0.0,1.0
8.408408408408409,3.0,1.5707963267948966,0.8805264694746168,-1.0,0.0,0.0,0.0,0.0,1.0
8.468468468468469,3.0,1.5707963267948966,0.8868159442565784,-1.0,0.0,0.0,0.0,0.0,1.0
8.528528528528529,3.0,1.5707963267948966,0.8931054190385398,-1.0,0.0,0.0,0.0,0.0,1.0
8.588588588588589,3.0,1.5707963267948966,0.8993948938205014,-1.0,0.0,0.0,0.0,0.0,1.0
8.64864864864865,3.0,1.5707963267948966,0.9056843686024629,-1.0,0.0,0.0,0.0,0.0,1.0
8.70870870870871,3.0,1.5707963267948966,0.9119738433844246,-1.0,0.0,0.0,0.0,0.0,1.0
8.76876876876877,3.0,1.5707963267948966,0.918263318166386,-1.0,0.0,0.0,0.0,0.0,1.0
8.82882882882883,3.0,1.5707963267948966,0.9245527929483476,-1.0,0.0,0.0,0.0,0.0,1.0
8.88888888888889,3.0,1.5707963267948966,0.9308422677303091,-1.0,0.0,0.0,0.0,0.0,1.0
8.94894894894895,3.0,1.5707963267948966,0.9371317425122707,-1.0,0.0,0.0,0.0,0.0,1.0
9.00900900900901,3.0,1.5707963267948966,0.9434212172942321,-1.0,0.0,0.0,0.0,0.0,1.0
9.06906906906907,3.0,1.5707963267948966,0.9497106920761937,-1.0,0.0,0.0,0.0,0.0,1.0
9.12912912912913,3.0,1.5707963267948966,0.9560001668581553,-1.0,0.0,0.0,0.0,0.0,1.0
9.18918918918919,3.0,1.5707963267948966,0.9622896416401169,-1.0,0.0,0.0,0.0,0.0,1.0
9.24924924924925,3.0,1.5707963267948966,0.9685791164220784,-1.0,0.0,0.0,0.0,0.0,1.0
9.30930930930931,3.0,1.5707963267948966,0.9748685912040399,-1.0,0.0,0.0,0.0,0.0,1.0
9.36936936936937,3.0,1.5707963267948966,0.9811580659860014,-1.0,0.0,0.0,0.0,0.0,1.0
9.42942942942943,3.0,1.5707963267948966,0.987447540767963,-1.0,0.0,0.0,0.0,0.0,1.0
9.48948948948949,3.0,1.5707963267948966,0.9937370155499247,-1.0,0.0,0.0,0.0,0.0,1.0
9.54954954954955,3.0,1.5707963267948966,1.000026490331886,-1.0,0.0,0.0,0.0,0.0,1.0
9.60960960960961,3.0,1.5707963267948966,1.0063159651138478,-1.0,0.0,0.0,0.0,0.0,1.0
9.66966966966967,3.0,1.5707963267948966,1.012605439895809,-1.0,0.0,0.0,0.0,0.0,1.0
9.72972972972973,3.0,1.5707963267948966,1.0188949146777708,-1.0,0.0,0.0,0.0,0.0,1.0
9.78978978978979,3.0,1.5707963267948966,1.0251843894597323,-1.0,0.0,0.0,0.0,0.0,1.0
9.84984984984985,3.0,1.5707963267948966,1.0314738642416938,-1.0,0.0,0.0,0.0,0.0,1.0
9.90990990990991,3.0,1.5707963267948966,1.0377633390236554,-1.0,0.0,0.0,0.0,0.0,1.0
9.96996996996997,3.0,1.5707963267948966,1.0440528138056169,-1.0,0.0,0.0,0.0,0.0,1.0
10.03003003003003,3.0,1.5707963267948966,1.0503422885875784,-1.0,0.0,0.0,0.0,0.0,1.0
10.09009009009009,3.0,1.5707963267948966,1.0566317633695401,-1.0,0.0,0.0,0.0,0.0,1.0
10.15015015015015,3.0,1.5707963267948966,1.0629212381515016,-1.0,0.0,0.0,0.0,0.0,1.0
10.21021021021021,3.0,1.5707963267948966,1.069210712933463,-1.0,0.0,0.0,0.0,0.0,1.0
10.27027027027027,3.0,1.5707963267948966,1.0755001877154247,-1.0,0.0,0.0,0.0,0.0,1.0
10.33033033033033,3.0,1.5707963267948966,1.0817896624973862,-1.0,0.0,0.0,0.0,0.0,1.0
10.39039039039039,3.0,1.5707963267948966,1.0880791372793477,-1.0,0.0,0.0,0.0,0.0,1.0
10.45045045045045,3.0,1.5707963267948966,1.0943686120613092,-1.0,0.0,0.0,0.0,0.0,1.0
10.51051051051051,3.0,1.5707963267948966,1.100658086843271,-1.0,0.0,0.0,0.0,0.0,1.0
10.57057057057057,3.0,1.5707963267948966,1.1069475616252324,-1.0,0.0,0.0,0.0,0.0,1.0
10.63063063063063,3.0,1.5707963267948966,1.113237036407194,-1.0,0.0,0.0,0.0,0.0,1.0
10.69069069069069,3.0,1.5707963267948966,1.1195265111891557,-1.0,0.0,0.0,0.0,0.0,1.0
10.75075075075075,3.0,1.5707963267948966,1.125815985971117,-1.0,0.0,0.0,0.0,0.0,1.0
10.81081081081081,3.0,1.5707963267948966,1.1321054607530785,-1.0,0.0,0.0,0.0,0.0,1.0
10.87087087087087,3.0,1.5707963267948966,1.13839493553504,-1.0,0.0,0.0,0.0,0.0,1.0
10.93093093093093,3.0,1.5707963267948966,1.1446844103170017,-1.0,0.0,0.0,0.0,0.0,1.0
10.99099099099099,3.0,1.5707963267948966,1.1509738850989633,-1.0,0.0,0.0,0.0,0.0,1.0
11.05105105105105,3.0,1.5707963267948966,1.1572633598809248,-1.0,0.0,0.0,0.0,0.0,1.0
11.11111111111111,3.0,1.5707963267948966,1.1635528346628863,-1.0,0.0,0.0,0.0,0.0,1.0
11.17117117117117,3.0,1.5707963267948966,1.169842309444848,-1.0,0.0,0.0,0.0,0.0,1.0
11.23123123123123,3.0,1.5707963267948966,1.1761317842268093,-1.0,0.0,0.0,0.0,0.0,1.0
11.29129129129129,3.0,1.5707963267948966,1.1824212590087708,-1.0,0.0,0.0,0.0,0.0,1.0
11.35135135135135,3.0,1.5707963267948966,1.1887107337907323,-1.0,0.0,0.0,0.0,0.0,1.0
11.411411411411411,3.0,1.5707963267948966,1.195000208572694,-1.0,0.0,0.0,0.0,0.0,1.0
11.471471471471471,3.0,1.5707963267948966,1.2012896833546556,-1.0,0.0,0.0,0.0,0.0,1.0
11.531531531531531,3.0,1.5707963267948966,1.207579158136617,-1.0,0.0,0.0,0.0,0.0,1.0
11.591591591591591,3.0,1.5707963267948966,1.2138686329185786,-1.0,0.0,0.0,0.0,0.0,1.0
11.651651651651651,3.0,1.5707963267948966,1.2201581077005403,-1.0,0.0,0.0,0.0,0.0,1.0
11.711711711711711,3.0,1.5707963267948966,1.2264475824825019,-1.0,0.0,0.0,0.0,0.0,1.0
11.771771771771771,3.0,1.5707963267948966,1.2327370572644631,-1.0,0.0,0.0,0.0,0.0,1.0
11.831831831831831,3.0,1.5707963267948966,1.2390265320464249,-1.0,0.0,0.0,0.0,0.0,1.0
11.891891891891891,3.0,1.5707963267948966,1.2453160068283864,-1.0,0.0,0.0,0.0,0.0,1.0
11.951951951951951,3.0,1.5707963267948966,1.251605481610348,-1.0,0.0,0.0,0.0,0.0,1.0
12.012012012012011,3.0,1.5707963267948966,1.2578949563923094,-1.0,0.0,0.0,0.0,0.0,1.0
12.072072072072071,3.0,1.5707963267948966,1.2641844311742712,-1.0,0.0,0.0,0.0,0.0,1.0
12.132132132132131,3.0,1.5707963267948966,1.2704739059562327,-1.0,0.0,0.0,0.0,0.0,1.0
12.192192192192191,3.0,1.5707963267948966,1.2767633807381942,-1.0,0.0,0.0,0.0,0.0,1.0
12.252252252252251,3.0,1.5707963267948966,1.2830528555201555,-1.0,0.0,0.0,0.0,0.0,1.0
12.312312312312311,3.0,1.5707963267948966,1.2893423303021172,-1.0,0.0,0.0,0.0,0.0,1.0
12.372372372372372,3.0,1.5707963267948966,1.2956318050840787,-1.0,0.0,0.0,0.0,0.0,1.0
12.432432432432432,3.0,1.5707963267948966,1.3019212798660402,-1.0,0.0,0.0,0.0,0.0,1.0
12.492492492492492,3.0,1.5707963267948966,1.3082107546480017,-1.0,0.0,0.0,0.0,0.0,1.0
12.552552552552552,3.0,1.5707963267948966,1.3145002294299635,-1.0,0.0,0.0,0.0,0.0,1.0
12.612612612612612,3.0,1.5707963267948966,1.320789704211925,-1.0,0.0,0.0,0.0,0.0,1.0
12.672672672672672,3.0,1.5707963267948966,1.3270791789938865,-1.0,0.0,0.0,0.0,0.0,1.0
12.732732732732732,3.0,1.5707963267948966,1.3333686537758482,-1.0,0.0,0.0,0.0,0.0,1.0
12.792792792792792,3.0,1.5707963267948966,1.3396581285578095,-1.0,0.0,0.0,0.0,0.0,1.0
12.852852852852854,3.0,1.5707963267948966,1.3459476033397713,-1.0,0.0,0.0,0.0,0.0,1.0
12.912912912912914,3.0,1.5707963267948966,1.3522370781217328,-1.0,0.0,0.0,0.0,0.0,1.0
12.972972972972974,3.0,1.5707963267948966,1.3585265529036943,-1.0,0.0,0.0,0.0,0.0,1.0
13.033033033033034,3.0,1.5707963267948966,1.364816027685656,-1.0,0.0,0.0,0.0,0.0,1.0
13.093093093093094,3.0,1.5707963267948966,1.3711055024676175,-1.0,0.0,0.0,0.0,0.0,1.0
13.153153153153154,3.0,1.5707963267948966,1.377394977249579,-1.0,0.0,0.0,0.0,0.0,1.0
13.213213213213214,3.0,1.5707963267948966,1.3836844520315406,-1.0,0.0,0.0,0.0,0.0,1.0
13.273273273273274,3.0,1.5707963267948966,1.3899739268135023,-1.0,0.0,0.0,0.0,0.0,1.0
13.333333333333334,3.0,1.5707963267948966,1.3962634015954636,-1.0,0.0,0.0,0.0,0.0,1.0
13.393393393393394,3.0,1.5707963267948966,1.402552876377425,-1.0,0.0,0.0,0.0,0.0,1.0
13.453453453453454,3.0,1.5707963267948966,1.4088423511593866,-1.0,0.0,0.0,0.0,0.0,1.0
13.513513513513514,3.0,1.5707963267948966,1.4151318259413483,-1.0,0.0,0.0,0.0,0.0,1.0
13.573573573573574,3.0,1.5707963267948966,1.4214213007233099,-1.0,0.0,0.0,0.0,0.0,1.0
13.633633633633634,3.0,1.5707963267948966,1.4277107755052714,-1.0,0.0,0.0,0.0,0.0,1.0
13.693693693693694,3.0,1.5707963267948966,1.434000250287233,-1.0,0.0,0.0,0.0,0.0,1.0
13.753753753753754,3.0,1.5707963267948966,1.4402897250691946,-1.0,0.0,0.0,0.0,0.0,1.0
13.813813813813814,3.0,1.5707963267948966,1.4465791998511561,-1.0,0.0,0.0,0.0,0.0,1.0
13.873873873873874,3.0,1.5707963267948966,1.4528686746331174,-1.0,0.0,0.0,0.0,0.0,1.0
13.933933933933934,3.0,1.5707963267948966,1.4591581494150792,-1.0,0.0,0.0,0.0,0.0,1.0
13.993993993993994,3.0,1.5707963267948966,1.4654476241970407,-1.0,0.0,0.0,0.0,0.0,1.0
14.054054054054054,3.0,1.5707963267948966,1.4717370989790022,-1.0,0.0,0.0,0.0,0.0,1.0
14.114114114114114,3.0,1.5707963267948966,1.4780265737609637,-1.0,0.0,0.0,0.0,0.0,1.0
14.174174174174174,3.0,1.5707963267948966,1.4843160485429254,-1.0,0.0,0.0,0.0,0.0,1.0
14.234234234234235,3.0,1.5707963267948966,1.490605523324887,-1.0,0.0,0.0,0.0,0.0,1.0
14.294294294294295,3.0,1.5707963267948966,1.4968949981068485,-1.0,0.0,0.0,0.0,0.0,1.0
14.354354354354355,3.0,1.5707963267948966,1.5031844728888097,-1.0,0.0,0.0,0.0,0.0,1.0
14.414414414414415,3.0,1.5707963267948966,1.5094739476707715,-1.0,0.0,0.0,0.0,0.0,1.0
14.474474474474475,3.0,1.5707963267948966,1.515763422452733,-1.0,0.0,0.0,0.0,0.0,1.0
14.534534534534535,3.0,1.5707963267948966,1.5220528972346945,-1.0,0.0,0.0,0.0,0.0,1.0
14.594594594594595,3.0,1.5707963267948966,1.528342372016656,-1.0,0.0,0.0,0.0,0.0,1.0
14.654654654654655,3.0,1.5707963267948966,1.5346318467986177,-1.0,0.0,0.0,0.0,0.0,1.0
14.714714714714715,3.0,1.5707963267948966,1.5409213215805793,-1.0,0.0,0.0,0.0,0.0,1.0
14.774774774774775,3.0,1.5707963267948966,1.5472107963625408,-1.0,0.0,0.0,0.0,0.0,1.0
14.834834834834835,3.0,1.5707963267948966,1.5535002711445025,-1.0,0.0,0.0,0.0,0.0,1.0
14.894894894894895,3.0,1.5707963267948966,1.5597897459264638,-1.0,0.0,0.0,0.0,0.0,1.0
14.954954954954955,3.0,1.5707963267948966,1.5660792207084253,-1.0,0.0,0.0,0.0,0.0,1.0
15.015015015015015,3.0,1.5707963267948966,1.5723686954903868,-1.0,0.0,0.0,0.0,0.0,1.0
15.075075075075075,3.0,1.5707963267948966,1.5786581702723486,-1.0,0.0,0.0,0.0,0.0,1.0
15.135135135135135,3.0,1.5707963267948966,1.58494764505431,-1.0,0.0,0.0,0.0,0.0,1.0
15.195195195195195,3.0,1.5707963267948966,1.5912371198362716,-1.0,0.0,0.0,0.0,0.0,1.0
15.255255255255255,3.0,1.5707963267948966,1.597526594618233,-1.0,0.0,0.0,0.0,0.0,1.0
15.315315315315315,3.0,1.5707963267948966,1.6038160694001948,-1.0,0.0,0.0,0.0,0.0,1.0
15.375375375375375,3.0,1.5707963267948966,1.6101055441821563,-1.0,0.0,0.0,0.0,0.0,1.0
15.435435435435435,3.0,1.5707963267948966,1.6163950189641176,-1.0,0.0,0.0,0.0,0.0,1.0
15.495495495495495,3.0,1.5707963267948966,1.6226844937460791,-1.0,0.0,0.0,0.0,0.0,1.0
15.555555555555555,3.0,1.5707963267948966,1.6289739685280409,-1.0,0.0,0.0,0.0,0.0,1.0
15.615615615615615,3.0,1.5707963267948966,1.6352634433100024,-1.0,0.0,0.0,0.0,0.0,1.0
15.675675675675675,3.0,1.5707963267948966,1.641552918091964,-1.0,0.0,0.0,0.0,0.0,1.0
15.735735735735735,3.0,1.5707963267948966,1.6478423928739254,-1.0,0.0,0.0,0.0,0.0,1.0
15.795795795795796,3.0,1.5707963267948966,1.6541318676558872,-1.0,0.0,0.0,0.0,0.0,1.0
15.855855855855856,3.0,1.5707963267948966,1.6604213424378487,-1.0,0.0,0.0,0.0,0.0,1.0
15.915915915915916,3.0,1.5707963267948966,1.66671081721981,-1.0,0.0,0.0,0.0,0.0,1.0
15.975975975975976,3.0,1.5707963267948966,1.6730002920017717,-1.0,0.0,0.0,0.0,0.0,1.0
16.036036036036037,3.0,1.5707963267948966,1.6792897667837334,-1.0,0.0,0.0,0.0,0.0,1.0
16.096096096096097,3.0,1.5707963267948966,1.685579241565695,-1.0,0.0,0.0,0.0,0.0,1.0
16.156156156156158,3.0,1.5707963267948966,1.6918687163476565,-1.0,0.0,0.0,0.0,0.0,1.0
16.216216216216218,3.0,1.5707963267948966,1.698158191129618,-1.0,0.0,0.0,0.0,0.0,1.0
16.276276276276278,3.0,1.5707963267948966,1.7044476659115797,-1.0,0.0,0.0,0.0,0.0,1.0
16.336336336336338,3.0,1.5707963267948966,1.7107371406935412,-1.0,0.0,0.0,0.0,0.0,1.0
16.396396396396398,3.0,1.5707963267948966,1.7170266154755027,-1.0,0.0,0.0,0.0,0.0,1.0
16.456456456456458,3.0,1.5707963267948966,1.723316090257464,-1.0,0.0,0.0,0.0,0.0,1.0
16.516516516516518,3.0,1.5707963267948966,1.7296055650394258,-1.0,0.0,0.0,0.0,0.0,1.0
16.576576576576578,3.0,1.5707963267948966,1.7358950398213873,-1.0,0.0,0.0,0.0,0.0,1.0
16.636636636636638,3.0,1.5707963267948966,1.7421845146033488,-1.0,0.0,0.0,0.0,0.0,1.0
16.696696696696698,3.0,1.5707963267948966,1.7484739893853103,-1.0,0.0,0.0,0.0,0.0,1.0
16.756756756756758,3.0,1.5707963267948966,1.754763464167272,-1.0,0.0,0.0,0.0,0.0,1.0
16.816816816816818,3.0,1.5707963267948966,1.7610529389492335,-1.0,0.0,0.0,0.0,0.0,1.0
16.876876876876878,3.0,1.5707963267948966,1.767342413731195,-1.0,0.0,0.0,0.0,0.0,1.0
16.936936936936938,3.0,1.5707963267948966,1.7736318885131568,-1.0,0.0,0.0,0.0,0.0,1.0
16.996996996996998,3.0,1.5707963267948966,1.779921363295118,-1.0,0.0,0.0,0.0,0.0,1.0
17.057057057057058,3.0,1.5707963267948966,1.7862108380770796,-1.0,0.0,0.0,0.0,0.0,1.0
17.117117117117118,3.0,1.5707963267948966,1.792500312859041,-1.0,0.0,0.0,0.0,0.0,1.0
17.177177177177178,3.0,1.5707963267948966,1.7987897876410028,-1.0,0.0,0.0,0.0,0.0,1.0
17.237237237237238,3.0,1.5707963267948966,1.8050792624229643,-1.0,0.0,0.0,0.0,0.0,1.0
17.2972972972973,3.0,1.5707963267948966,1.8113687372049259,-1.0,0.0,0.0,0.0,0.0,1.0
17.35735735735736,3.0,1.5707963267948966,1.8176582119868874,-1.0,0.0,0.0,0.0,0.0,1.0
17.41741741741742,3.0,1.5707963267948966,1.823947686768849,-1.0,0.0,0.0,0.0,0.0,1.0
17.47747747747748,3.0,1.5707963267948966,1.8302371615508106,-1.0,0.0,0.0,0.0,0.0,1.0
17.53753753753754,3.0,1.5707963267948966,1.836526636332772,-1.0,0.0,0.0,0.0,0.0,1.0
17.5975975975976,3.0,1.5707963267948966,1.8428161111147334,-1.0,0.0,0.0,0.0,0.0,1.0
17.65765765765766,3.0,1.5707963267948966,1.8491055858966952,-1.0,0.0,0.0,0.0,0.0,1.0
17.71771771771772,3.0,1.5707963267948966,1.8553950606786567,-1.0,0.0,0.0,0.0,0.0,1.0
17.77777777777778,3.0,1.5707963267948966,1.8616845354606182,-1.0,0.0,0.0,0.0,0.0,1.0
17.83783783783784,3.0,1.5707963267948966,1.86797401024258,-1.0,0.0,0.0,0.0,0.0,1.0
17.8978978978979,3.0,1.5707963267948966,1.8742634850245414,-1.0,0.0,0.0,0.0,0.0,1.0
17.95795795795796,3.0,1.5707963267948966,1.880552959806503,-1.0,0.0,0.0,0.0,0.0,1.0
18.01801801801802,3.0,1.5707963267948966,1.8868424345884642,-1.0,0.0,0.0,0.0,0.0,1.0
18.07807807807808,3.0,1.5707963267948966,1.893131909370426,-1.0,0.0,0.0,0.0,0.0,1.0
18.13813813813814,3.0,1.5707963267948966,1.8994213841523875,-1.0,0.0,0.0,0.0,0.0,1.0
18.1981981981982,3.0,1.5707963267948966,1.905710858934349,-1.0,0.0,0.0,0.0,0.0,1.0
18.25825825825826,3.0,1.5707963267948966,1.9120003337163105,-1.0,0.0,0.0,0.0,0.0,1.0
18.31831831831832,3.0,1.5707963267948966,1.9182898084982722,-1.0,0.0,0.0,0.0,0.0,1.0
18.37837837837838,3.0,1.5707963267948966,1.9245792832802338,-1.0,0.0,0.0,0.0,0.0,1.0
18.43843843843844,3.0,1.5707963267948966,1.9308687580621953,-1.0,0.0,0.0,0.0,0.0,1.0
18.4984984984985,3.0,1.5707963267948966,1.9371582328441568,-1.0,0.0,0.0,0.0,0.0,1.0
18.55855855855856,3.0,1.5707963267948966,1.9434477076261183,-1.0,0.0,0.0,0.0,0.0,1.0
18.61861861861862,3.0,1.5707963267948966,1.9497371824080798,-1.0,0.0,0.0,0.0,0.0,1.0
18.67867867867868,3.0,1.5707963267948966,1.9560266571900413,-1.0,0.0,0.0,0.0,0.0,1.0
18.73873873873874,3.0,1.5707963267948966,1.9623161319720028,-1.0,0.0,0.0,0.0,0.0,1.0
18.7987987987988,3.0,1.5707963267948966,1.9686056067539646,-1.0,0.0,0.0,0.0,0.0,1.0
18.85885885885886,3.0,1.5707963267948966,1.974895081535926,-1.0,0.0,0.0,0.0,0.0,1.0
18.91891891891892,3.0,1.5707963267948966,1.9811845563178876,-1.0,0.0,0.0,0.0,0.0,1.0
18.97897897897898,3.0,1.5707963267948966,1.9874740310998493,-1.0,0.0,0.0,0.0,0.0,1.0
19.03903903903904,3.0,1.5707963267948966,1.9937635058818108,-1.0,0.0,0.0,0.0,0.0,1.0
19.0990990990991,3.0,1.5707963267948966,2.000052980663772,-1.0,0.0,0.0,0.0,0.0,1.0
19.15915915915916,3.0,1.5707963267948966,2.0063424554457336,-1.0,0.0,0.0,0.0,0.0,1.0
19.21921921921922,3.0,1.5707963267948966,2.0126319302276956,-1.0,0.0,0.0,0.0,0.0,1.0
19.27927927927928,3.0,1.5707963267948966,2.018921405009657,-1.0,0.0,0.0,0.0,0.0,1.0
19.33933933933934,3.0,1.5707963267948966,2.025210879791618,-1.0,0.0,0.0,0.0,0.0,1.0
19.3993993993994,3.0,1.5707963267948966,2.0315003545735797,-1.0,0.0,0.0,0.0,0.0,1.0
19.45945945945946,3.0,1.5707963267948966,2.0377898293555416,-1.0,0.0,0.0,0.0,0.0,1.0
19.51951951951952,3.0,1.5707963267948966,2.044079304137503,-1.0,0.0,0.0,0.0,0.0,1.0
19.57957957957958,3.0,1.5707963267948966,2.0503687789194647,-1.0,0.0,0.0,0.0,0.0,1.0
19.63963963963964,3.0,1.5707963267948966,2.056658253701426,-1.0,0.0,0.0,0.0,0.0,1.0
19.6996996996997,3.0,1.5707963267948966,2.0629477284833877,-1.0,0.0,0.0,0.0,0.0,1.0
19.75975975975976,3.0,1.5707963267948966,2.069237203265349,-1.0,0.0,0.0,0.0,0.0,1.0
19.81981981981982,3.0,1.5707963267948966,2.0755266780473107,-1.0,0.0,0.0,0.0,0.0,1.0
19.87987987987988,3.0,1.5707963267948966,2.0818161528292722,-1.0,0.0,0.0,0.0,0.0,1.0
19.93993993993994,3.0,1.5707963267948966,2.0881056276112337,-1.0,0.0,0.0,0.0,0.0,1.0
20.0,3.0,1.5707963267948966,2.0943951023931953,-1.0,0.0,0.0,0.0,0.0,1.0
20.06006006006006,3.0,1.5707963267948966,2.1006845771751568,-1.0,0.0,0.0,0.0,0.0,1.0
20.12012012012012,3.0,1.5707963267948966,2.1069740519571187,-1.0,0.0,0.0,0.0,0.0,1.0
20.18018018018018,3.0,1.5707963267948966,2.1132635267390802,-1.0,0.0,0.0,0.0,0.0,1.0
20.24024024024024,3.0,1.5707963267948966,2.1195530015210418,-1.0,0.0,0.0,0.0,0.0,1.0
20.3003003003003,3.0,1.5707963267948966,2.1258424763030033,-1.0,0.0,0.0,0.0,0.0,1.0
20.36036036036036,3.0,1.5707963267948966,2.132131951084965,-1.0,0.0,0.0,0.0,0.0,1.0
20.42042042042042,3.0,1.5707963267948966,2.138421425866926,-1.0,0.0,0.0,0.0,0.0,1.0
20.48048048048048,3.0,1.5707963267948966,2.144710900648888,-1.0,0.0,0.0,0.0,0.0,1.0
20.54054054054054,3.0,1.5707963267948966,2.1510003754308493,-1.0,0.0,0.0,0.0,0.0,1.0
20.6006006006006,3.0,1.5707963267948966,2.157289850212811,-1.0,0.0,0.0,0.0,0.0,1.0
20.66066066066066,3.0,1.5707963267948966,2.1635793249947723,-1.0,0.0,0.0,0.0,0.0,1.0
20.72072072072072,3.0,1.5707963267948966,2.1698687997767343,-1.0,0.0,0.0,0.0,0.0,1.0
20.78078078078078,3.0,1.5707963267948966,2.1761582745586954,-1.0,0.0,0.0,0.0,0.0,1.0
20.84084084084084,3.0,1.5707963267948966,2.1824477493406573,-1.0,0.0,0.0,0.0,0.0,1.0
20.9009009009009,3.0,1.5707963267948966,2.1887372241226184,-1.0,0.0,0.0,0.0,0.0,1.0
20.96096096096096,3.0,1.5707963267948966,2.19502669890458,-1.0,0.0,0.0,0.0,0.0,1.0
21.02102102102102,3.0,1.5707963267948966,2.201316173686542,-1.0,0.0,0.0,0.0,0.0,1.0
21.08108108108108,3.0,1.5707963267948966,2.207605648468503,-1.0,0.0,0.0,0.0,0.0,1.0
21.14114114114114,3.0,1.5707963267948966,2.213895123250465,-1.0,0.0,0.0,0.0,0.0,1.0
21.2012012012012,3.0,1.5707963267948966,2.2201845980324264,-1.0,0.0,0.0,0.0,0.0,1.0
21.26126126126126,3.0,1.5707963267948966,2.226474072814388,-1.0,0.0,0.0,0.0,0.0,1.0
21.32132132132132,3.0,1.5707963267948966,2.2327635475963494,-1.0,0.0,0.0,0.0,0.0,1.0
21.38138138138138,3.0,1.5707963267948966,2.2390530223783114,-1.0,0.0,0.0,0.0,0.0,1.0
21.44144144144144,3.0,1.5707963267948966,2.2453424971602725,-1.0,0.0,0.0,0.0,0.0,1.0
21.5015015015015,3.0,1.5707963267948966,2.251631971942234,-1.0,0.0,0.0,0.0,0.0,1.0
21.56156156156156,3.0,1.5707963267948966,2.2579214467241955,-1.0,0.0,0.0,0.0,0.0,1.0
21.62162162162162,3.0,1.5707963267948966,2.264210921506157,-1.0,0.0,0.0,0.0,0.0,1.0
21.68168168168168,3.0,1.5707963267948966,2.270500396288119,-1.0,0.0,0.0,0.0,0.0,1.0
21.74174174174174,3.0,1.5707963267948966,2.27678987107008,-1.0,0.0,0.0,0.0,0.0,1.0
21.8018018018018,3.0,1.5707963267948966,2.283079345852042,-1.0,0.0,0.0,0.0,0.0,1.0
21.86186186186186,3.0,1.5707963267948966,2.2893688206340035,-1.0,0.0,0.0,0.0,0.0,1.0
21.92192192192192,3.0,1.5707963267948966,2.2956582954159646,-1.0,0.0,0.0,0.0,0.0,1.0
21.98198198198198,3.0,1.5707963267948966,2.3019477701979265,-1.0,0.0,0.0,0.0,0.0,1.0
22.04204204204204,3.0,1.5707963267948966,2.3082372449798876,-1.0,0.0,0.0,0.0,0.0,1.0
22.1021021021021,3.0,1.5707963267948966,2.3145267197618495,-1.0,0.0,0.0,0.0,0.0,1.0
22.16216216216216,3.0,1.5707963267948966,2.320816194543811,-1.0,0.0,0.0,0.0,0.0,1.0
22.22222222222222,3.0,1.5707963267948966,2.3271056693257726,-1.0,0.0,0.0,0.0,0.0,1.0
22.28228228228228,3.0,1.5707963267948966,2.333395144107734,-1.0,0.0,0.0,0.0,0.0,1.0
22.34234234234234,3.0,1.5707963267948966,2.339684618889696,-1.0,0.0,0.0,0.0,0.0,1.0
22.4024024024024,3.0,1.5707963267948966,2.345974093671657,-1.0,0.0,0.0,0.0,0.0,1.0
22.46246246246246,3.0,1.5707963267948966,2.3522635684536186,-1.0,0.0,0.0,0.0,0.0,1.0
22.52252252252252,3.0,1.5707963267948966,2.3585530432355806,-1.0,0.0,0.0,0.0,0.0,1.0
22.58258258258258,3.0,1.5707963267948966,2.3648425180175416,-1.0,0.0,0.0,0.0,0.0,1.0
22.64264264264264,3.0,1.5707963267948966,2.3711319927995036,-1.0,0.0,0.0,0.0,0.0,1.0
22.7027027027027,3.0,1.5707963267948966,2.3774214675814647,-1.0,0.0,0.0,0.0,0.0,1.0
22.762762762762762,3.0,1.5707963267948966,2.3837109423634266,-1.0,0.0,0.0,0.0,0.0,1.0
22.822822822822822,3.0,1.5707963267948966,2.390000417145388,-1.0,0.0,0.0,0.0,0.0,1.0
22.882882882882882,3.0,1.5707963267948966,2.3962898919273496,-1.0,0.0,0.0,0.0,0.0,1.0
22.942942942942942,3.0,1.5707963267948966,2.402579366709311,-1.0,0.0,0.0,0.0,0.0,1.0
23.003003003003002,3.0,1.5707963267948966,2.4088688414912727,-1.0,0.0,0.0,0.0,0.0,1.0
23.063063063063062,3.0,1.5707963267948966,2.415158316273234,-1.0,0.0,0.0,0.0,0.0,1.0
23.123123123123122,3.0,1.5707963267948966,2.4214477910551957,-1.0,0.0,0.0,0.0,0.0,1.0
23.183183183183182,3.0,1.5707963267948966,2.427737265837157,-1.0,0.0,0.0,0.0,0.0,1.0
23.243243243243242,3.0,1.5707963267948966,2.4340267406191187,-1.0,0.0,0.0,0.0,0.0,1.0
23.303303303303302,3.0,1.5707963267948966,2.4403162154010807,-1.0,0.0,0.0,0.0,0.0,1.0
23.363363363363362,3.0,1.5707963267948966,2.4466056901830417,-1.0,0.0,0.0,0.0,0.0,1.0
23.423423423423422,3.0,1.5707963267948966,2.4528951649650037,-1.0,0.0,0.0,0.0,0.0,1.0
23.483483483483482,3.0,1.5707963267948966,2.459184639746965,-1.0,0.0,0.0,0.0,0.0,1.0
23.543543543543542,3.0,1.5707963267948966,2.4654741145289263,-1.0,0.0,0.0,0.0,0.0,1.0
23.603603603603602,3.0,1.5707963267948966,2.4717635893108882,-1.0,0.0,0.0,0.0,0.0,1.0
23.663663663663662,3.0,1.5707963267948966,2.4780530640928498,-1.0,0.0,0.0,0.0,0.0,1.0
23.723723723723722,3.0,1.5707963267948966,2.4843425388748113,-1.0,0.0,0.0,0.0,0.0,1.0
23.783783783783782,3.0,1.5707963267948966,2.490632013656773,-1.0,0.0,0.0,0.0,0.0,1.0
23.843843843843842,3.0,1.5707963267948966,2.4969214884387343,-1.0,0.0,0.0,0.0,0.0,1.0
23.903903903903903,3.0,1.5707963267948966,2.503210963220696,-1.0,0.0,0.0,0.0,0.0,1.0
23.963963963963963,3.0,1.5707963267948966,2.5095004380026578,-1.0,0.0,0.0,0.0,0.0,1.0
24.024024024024023,3.0,1.5707963267948966,2.515789912784619,-1.0,0.0,0.0,0.0,0.0,1.0
24.084084084084083,3.0,1.5707963267948966,2.5220793875665803,-1.0,0.0,0.0,0.0,0.0,1.0
24.144144144144143,3.0,1.5707963267948966,2.5283688623485423,-1.0,0.0,0.0,0.0,0.0,1.0
24.204204204204203,3.0,1.5707963267948966,2.5346583371305034,-1.0,0.0,0.0,0.0,0.0,1.0
24.264264264264263,3.0,1.5707963267948966,2.5409478119124653,-1.0,0.0,0.0,0.0,0.0,1.0
24.324324324324323,3.0,1.5707963267948966,2.5472372866944264,-1.0,0.0,0.0,0.0,0.0,1.0
24.384384384384383,3.0,1.5707963267948966,2.5535267614763884,-1.0,0.0,0.0,0.0,0.0,1.0
24.444444444444443,3.0,1.5707963267948966,2.55981623625835,-1.0,0.0,0.0,0.0,0.0,1.0
24.504504504504503,3.0,1.5707963267948966,2.566105711040311,-1.0,0.0,0.0,0.0,0.0,1.0
24.564564564564563,3.0,1.5707963267948966,2.572395185822273,-1.0,0.0,0.0,0.0,0.0,1.0
24.624624624624623,3.0,1.5707963267948966,2.5786846606042344,-1.0,0.0,0.0,0.0,0.0,1.0
24.684684684684683,3.0,1.5707963267948966,2.584974135386196,-1.0,0.0,0.0,0.0,0.0,1.0
24.744744744744743,3.0,1.5707963267948966,2.5912636101681574,-1.0,0.0,0.0,0.0,0.0,1.0
24.804804804804803,3.0,1.5707963267948966,2.5975530849501194,-1.0,0.0,0.0,0.0,0.0,1.0
24.864864864864863,3.0,1.5707963267948966,2.6038425597320805,-1.0,0.0,0.0,0.0,0.0,1.0
24.924924924924923,3.0,1.5707963267948966,2.6101320345140424,-1.0,0.0,0.0,0.0,0.0,1.0
24.984984984984983,3.0,1.5707963267948966,2.6164215092960035,-1.0,0.0,0.0,0.0,0.0,1.0
25.045045045045043,3.0,1.5707963267948966,2.622710984077965,-1.0,0.0,0.0,0.0,0.0,1.0
25.105105105105103,3.0,1.5707963267948966,2.629000458859927,-1.0,0.0,0.0,0.0,0.0,1.0
25.165165165165163,3.0,1.5707963267948966,2.635289933641888,-1.0,0.0,0.0,0.0,0.0,1.0
25.225225225225223,3.0,1.5707963267948966,2.64157940842385,-1.0,0.0,0.0,0.0,0.0,1.0
25.285285285285283,3.0,1.5707963267948966,2.6478688832058115,-1.0,0.0,0.0,0.0,0.0,1.0
25.345345345345343,3.0,1.5707963267948966,2.654158357987773,-1.0,0.0,0.0,0.0,0.0,1.0
25.405405405405403,3.0,1.5707963267948966,2.6604478327697345,-1.0,0.0,0.0,0.0,0.0,1.0
25.465465465465464,3.0,1.5707963267948966,2.6667373075516965,-1.0,0.0,0.0,0.0,0.0,1.0
25.525525525525524,3.0,1.5707963267948966,2.6730267823336575,-1.0,0.0,0.0,0.0,0.0,1.0
25.585585585585584,3.0,1.5707963267948966,2.679316257115619,-1.0,0.0,0.0,0.0,0.0,1.0
25.645645645645647,3.0,1.5707963267948966,2.685605731897581,-1.0,0.0,0.0,0.0,0.0,1.0
25.705705705705707,3.0,1.5707963267948966,2.6918952066795425,-1.0,0.0,0.0,0.0,0.0,1.0
25.765765765765767,3.0,1.5707963267948966,2.698184681461504,-1.0,0.0,0.0,0.0,0.0,1.0
25.825825825825827,3.0,1.5707963267948966,2.7044741562434655,-1.0,0.0,0.0,0.0,0.0,1.0
25.885885885885887,3.0,1.5707963267948966,2.7107636310254275,-1.0,0.0,0.0,0.0,0.0,1.0
25.945945945945947,3.0,1.5707963267948966,2.7170531058073886,-1.0,0.0,0.0,0.0,0.0,1.0
26.006006006006007,3.0,1.5707963267948966,2.7233425805893505,-1.0,0.0,0.0,0.0,0.0,1.0
26.066066066066067,3.0,1.5707963267948966,2.729632055371312,-1.0,0.0,0.0,0.0,0.0,1.0
26.126126126126128,3.0,1.5707963267948966,2.735921530153273,-1.0,0.0,0.0,0.0,0.0,1.0
26.186186186186188,3.0,1.5707963267948966,2.742211004935235,-1.0,0.0,0.0,0.0,0.0,1.0
26.246246246246248,3.0,1.5707963267948966,2.7485004797171966,-1.0,0.0,0.0,0.0,0.0,1.0
26.306306306306308,3.0,1.5707963267948966,2.754789954499158,-1.0,0.0,0.0,0.0,0.0,1.0
26.366366366366368,3.0,1.5707963267948966,2.7610794292811196,-1.0,0.0,0.0,0.0,0.0,1.0
26.426426426426428,3.0,1.5707963267948966,2.767368904063081,-1.0,0.0,0.0,0.0,0.0,1.0
26.486486486486488,3.0,1.5707963267948966,2.7736583788450426,-1.0,0.0,0.0,0.0,0.0,1.0
26.546546546546548,3.0,1.5707963267948966,2.7799478536270046,-1.0,0.0,0.0,0.0,0.0,1.0
26.606606606606608,3.0,1.5707963267948966,2.7862373284089657,-1.0,0.0,0.0,0.0,0.0,1.0
26.666666666666668,3.0,1.5707963267948966,2.792526803190927,-1.0,0.0,0.0,0.0,0.0,1.0
26.726726726726728,3.0,1.5707963267948966,2.798816277972889,-1.0,0.0,0.0,0.0,0.0,1.0
26.786786786786788,3.0,1.5707963267948966,2.80510575275485,-1.0,0.0,0.0,0.0,0.0,1.0
26.846846846846848,3.0,1.5707963267948966,2.811395227536812,-1.0,0.0,0.0,0.0,0.0,1.0
26.906906906906908,3.0,1.5707963267948966,2.817684702318773,-1.0,0.0,0.0,0.0,0.0,1.0
26.966966966966968,3.0,1.5707963267948966,2.823974177100735,-1.0,0.0,0.0,0.0,0.0,1.0
27.027027027027028,3.0,1.5707963267948966,2.8302636518826967,-1.0,0.0,0.0,0.0,0.0,1.0
27.087087087087088,3.0,1.5707963267948966,2.836553126664658,-1.0,0.0,0.0,0.0,0.0,1.0
27.147147147147148,3.0,1.5707963267948966,2.8428426014466197,-1.0,0.0,0.0,0.0,0.0,1.0
27.207207207207208,3.0,1.5707963267948966,2.8491320762285812,-1.0,0.0,0.0,0.0,0.0,1.0
27.26726726726727,3.0,1.5707963267948966,2.8554215510105427,-1.0,0.0,0.0,0.0,0.0,1.0
27.32732732732733,3.0,1.5707963267948966,2.8617110257925042,-1.0,0.0,0.0,0.0,0.0,1.0
27.38738738738739,3.0,1.5707963267948966,2.868000500574466,-1.0,0.0,0.0,0.0,0.0,1.0
27.44744744744745,3.0,1.5707963267948966,2.8742899753564273,-1.0,0.0,0.0,0.0,0.0,1.0
27.50750750750751,3.0,1.5707963267948966,2.8805794501383892,-1.0,0.0,0.0,0.0,0.0,1.0
27.56756756756757,3.0,1.5707963267948966,2.8868689249203503,-1.0,0.0,0.0,0.0,0.0,1.0
27.62762762762763,3.0,1.5707963267948966,2.8931583997023123,-1.0,0.0,0.0,0.0,0.0,1.0
27.68768768768769,3.0,1.5707963267948966,2.8994478744842738,-1.0,0.0,0.0,0.0,0.0,1.0
27.74774774774775,3.0,1.5707963267948966,2.905737349266235,-1.0,0.0,0.0,0.0,0.0,1.0
27.80780780780781,3.0,1.5707963267948966,2.912026824048197,-1.0,0.0,0.0,0.0,0.0,1.0
27.86786786786787,3.0,1.5707963267948966,2.9183162988301583,-1.0,0.0,0.0,0.0,0.0,1.0
27.92792792792793,3.0,1.5707963267948966,2.92460577361212,-1.0,0.0,0.0,0.0,0.0,1.0
27.98798798798799,3.0,1.5707963267948966,2.9308952483940813,-1.0,0.0,0.0,0.0,0.0,1.0
28.04804804804805,3.0,1.5707963267948966,2.937184723176043,-1.0,0.0,0.0,0.0,0.0,1.0
28.10810810810811,3.0,1.5707963267948966,2.9434741979580044,-1.0,0.0,0.0,0.0,0.0,1.0
28.16816816816817,3.0,1.5707963267948966,2.9497636727399663,-1.0,0.0,0.0,0.0,0.0,1.0
28.22822822822823,3.0,1.5707963267948966,2.9560531475219274,-1.0,0.0,0.0,0.0,0.0,1.0
28.28828828828829,3.0,1.5707963267948966,2.962342622303889,-1.0,0.0,0.0,0.0,0.0,1.0
28.34834834834835,3.0,1.5707963267948966,2.968632097085851,-1.0,0.0,0.0,0.0,0.0,1.0
28.40840840840841,3.0,1.5707963267948966,2.974921571867812,-1.0,0.0,0.0,0.0,0.0,1.0
28.46846846846847,3.0,1.5707963267948966,2.981211046649774,-1.0,0.0,0.0,0.0,0.0,1.0
28.52852852852853,3.0,1.5707963267948966,2.9875005214317354,-1.0,0.0,0.0,0.0,0.0,1.0
28.58858858858859,3.0,1.5707963267948966,2.993789996213697,-1.0,0.0,0.0,0.0,0.0,1.0
28.64864864864865,3.0,1.5707963267948966,3.0000794709956584,-1.0,0.0,0.0,0.0,0.0,1.0
28.70870870870871,3.0,1.5707963267948966,3.0063689457776195,-1.0,0.0,0.0,0.0,0.0,1.0
28.76876876876877,3.0,1.5707963267948966,3.0126584205595814,-1.0,0.0,0.0,0.0,0.0,1.0
28.82882882882883,3.0,1.5707963267948966,3.018947895341543,-1.0,0.0,0.0,0.0,0.0,1.0
28.88888888888889,3.0,1.5707963267948966,3.0252373701235045,-1.0,0.0,0.0,0.0,0.0,1.0
28.94894894894895,3.0,1.5707963267948966,3.031526844905466,-1.0,0.0,0.0,0.0,0.0,1.0
29.00900900900901,3.0,1.5707963267948966,3.037816319687428,-1.0,0.0,0.0,0.0,0.0,1.0
29.06906906906907,3.0,1.5707963267948966,3.044105794469389,-1.0,0.0,0.0,0.0,0.0,1.0
29.12912912912913,3.0,1.5707963267948966,3.050395269251351,-1.0,0.0,0.0,0.0,0.0,1.0
29.18918918918919,3.0,1.5707963267948966,3.056684744033312,-1.0,0.0,0.0,0.0,0.0,1.0
29.24924924924925,3.0,1.5707963267948966,3.0629742188152735,-1.0,0.0,0.0,0.0,0.0,1.0
29.30930930930931,3.0,1.5707963267948966,3.0692636935972355,-1.0,0.0,0.0,0.0,0.0,1.0
29.36936936936937,3.0,1.5707963267948966,3.0755531683791966,-1.0,0.0,0.0,0.0,0.0,1.0
29.42942942942943,3.0,1.5707963267948966,3.0818426431611585,-1.0,0.0,0.0,0.0,0.0,1.0
29.48948948948949,3.0,1.5707963267948966,3.08813211794312,-1.0,0.0,0.0,0.0,0.0,1.0
29.54954954954955,3.0,1.5707963267948966,3.0944215927250815,-1.0,0.0,0.0,0.0,0.0,1.0
29.60960960960961,3.0,1.5707963267948966,3.100711067507043,-1.0,0.0,0.0,0.0,0.0,1.0
29.66966966966967,3.0,1.5707963267948966,3.107000542289005,-1.0,0.0,0.0,0.0,0.0,1.0
29.72972972972973,3.0,1.5707963267948966,3.113290017070966,-1.0,0.0,0.0,0.0,0.0,1.0
29.78978978978979,3.0,1.5707963267948966,3.1195794918529276,-1.0,0.0,0.0,0.0,0.0,1.0
29.84984984984985,3.0,1.5707963267948966,3.125868966634889,-1.0,0.0,0.0,0.0,0.0,1.0
29.90990990990991,3.0,1.5707963267948966,3.1321584414168506,-1.0,0.0,0.0,0.0,0.0,1.0
29.96996996996997,3.0,1.5707963267948966,3.1384479161988126,-1.0,0.0,0.0,0.0,0.0,1.0
30.03003003003003,3.0,1.5707963267948966,3.1447373909807737,-1.0,0.0,0.0,0.0,0.0,1.0
30.09009009009009,3.0,1.5707963267948966,3.1510268657627356,-1.0,0.0,0.0,0.0,0.0,1.0
30.15015015015015,3.0,1.5707963267948966,3.157316340544697,-1.0,0.0,0.0,0.0,0.0,1.0
30.21021021021021,3.0,1.5707963267948966,3.1636058153266586,-1.0,0.0,0.0,0.0,0.0,1.0
30.27027027027027,3.0,1.5707963267948966,3.16989529010862,-1.0,0.0,0.0,0.0,0.0,1.0
30.33033033033033,3.0,1.5707963267948966,3.176184764890581,-1.0,0.0,0.0,0.0,0.0,1.0
30.39039039039039,3.0,1.5707963267948966,3.182474239672543,-1.0,0.0,0.0,0.0,0.0,1.0
30.45045045045045,3.0,1.5707963267948966,3.1887637144545047,-1.0,0.0,0.0,0.0,0.0,1.0
30.51051051051051,3.0,1.5707963267948966,3.195053189236466,-1.0,0.0,0.0,0.0,0.0,1.0
30.57057057057057,3.0,1.5707963267948966,3.2013426640184277,-1.0,0.0,0.0,0.0,0.0,1.0
30.63063063063063,3.0,1.5707963267948966,3.2076321388003897,-1.0,0.0,0.0,0.0,0.0,1.0
30.69069069069069,3.0,1.5707963267948966,3.2139216135823507,-1.0,0.0,0.0,0.0,0.0,1.0
30.75075075075075,3.0,1.5707963267948966,3.2202110883643127,-1.0,0.0,0.0,0.0,0.0,1.0
30.81081081081081,3.0,1.5707963267948966,3.226500563146274,-1.0,0.0,0.0,0.0,0.0,1.0
30.87087087087087,3.0,1.5707963267948966,3.2327900379282353,-1.0,0.0,0.0,0.0,0.0,1.0
30.93093093093093,3.0,1.5707963267948966,3.2390795127101972,-1.0,0.0,0.0,0.0,0.0,1.0
30.99099099099099,3.0,1.5707963267948966,3.2453689874921583,-1.0,0.0,0.0,0.0,0.0,1.0
31.05105105105105,3.0,1.5707963267948966,3.2516584622741203,-1.0,0.0,0.0,0.0,0.0,1.0
31.11111111111111,3.0,1.5707963267948966,3.2579479370560818,-1.0,0.0,0.0,0.0,0.0,1.0
31.17117117117117,3.0,1.5707963267948966,3.2642374118380433,-1.0,0.0,0.0,0.0,0.0,1.0
31.23123123123123,3.0,1.5707963267948966,3.270526886620005,-1.0,0.0,0.0,0.0,0.0,1.0
31.29129129129129,3.0,1.5707963267948966,3.2768163614019667,-1.0,0.0,0.0,0.0,0.0,1.0
31.35135135135135,3.0,1.5707963267948966,3.283105836183928,-1.0,0.0,0.0,0.0,0.0,1.0
31.41141141141141,3.0,1.5707963267948966,3.2893953109658893,-1.0,0.0,0.0,0.0,0.0,1.0
31.47147147147147,3.0,1.5707963267948966,3.295684785747851,-1.0,0.0,0.0,0.0,0.0,1.0
31.53153153153153,3.0,1.5707963267948966,3.3019742605298124,-1.0,0.0,0.0,0.0,0.0,1.0
31.59159159159159,3.0,1.5707963267948966,3.3082637353117743,-1.0,0.0,0.0,0.0,0.0,1.0
31.65165165165165,3.0,1.5707963267948966,3.3145532100937354,-1.0,0.0,0.0,0.0,0.0,1.0
31.71171171171171,3.0,1.5707963267948966,3.3208426848756973,-1.0,0.0,0.0,0.0,0.0,1.0
31.77177177177177,3.0,1.5707963267948966,3.327132159657659,-1.0,0.0,0.0,0.0,0.0,1.0
31.83183183183183,3.0,1.5707963267948966,3.33342163443962,-1.0,0.0,0.0,0.0,0.0,1.0
31.89189189189189,3.0,1.5707963267948966,3.339711109221582,-1.0,0.0,0.0,0.0,0.0,1.0
31.95195195195195,3.0,1.5707963267948966,3.3460005840035434,-1.0,0.0,0.0,0.0,0.0,1.0
32.012012012012015,3.0,1.5707963267948966,3.3522900587855053,-1.0,0.0,0.0,0.0,0.0,1.0
32.072072072072075,3.0,1.5707963267948966,3.358579533567467,-1.0,0.0,0.0,0.0,0.0,1.0
32.132132132132135,3.0,1.5707963267948966,3.3648690083494284,-1.0,0.0,0.0,0.0,0.0,1.0
32.192192192192195,3.0,1.5707963267948966,3.37115848313139,-1.0,0.0,0.0,0.0,0.0,1.0
32.252252252252255,3.0,1.5707963267948966,3.3774479579133514,-1.0,0.0,0.0,0.0,0.0,1.0
32.312312312312315,3.0,1.5707963267948966,3.383737432695313,-1.0,0.0,0.0,0.0,0.0,1.0
32.372372372372375,3.0,1.5707963267948966,3.390026907477275,-1.0,0.0,0.0,0.0,0.0,1.0
32.432432432432435,3.0,1.5707963267948966,3.396316382259236,-1.0,0.0,0.0,0.0,0.0,1.0
32.492492492492495,3.0,1.5707963267948966,3.4026058570411974,-1.0,0.0,0.0,0.0,0.0,1.0
32.552552552552555,3.0,1.5707963267948966,3.4088953318231594,-1.0,0.0,0.0,0.0,0.0,1.0
32.612612612612615,3.0,1.5707963267948966,3.4151848066051205,-1.0,0.0,0.0,0.0,0.0,1.0
32.672672672672675,3.0,1.5707963267948966,3.4214742813870824,-1.0,0.0,0.0,0.0,0.0,1.0
32.732732732732735,3.0,1.5707963267948966,3.427763756169044,-1.0,0.0,0.0,0.0,0.0,1.0
32.792792792792795,3.0,1.5707963267948966,3.4340532309510055,-1.0,0.0,0.0,0.0,0.0,1.0
32.852852852852855,3.0,1.5707963267948966,3.440342705732967,-1.0,0.0,0.0,0.0,0.0,1.0
32.912912912912915,3.0,1.5707963267948966,3.446632180514928,-1.0,0.0,0.0,0.0,0.0,1.0
32.972972972972975,3.0,1.5707963267948966,3.45292165529689,-1.0,0.0,0.0,0.0,0.0,1.0
33.033033033033036,3.0,1.5707963267948966,3.4592111300788515,-1.0,0.0,0.0,0.0,0.0,1.0
33.093093093093096,3.0,1.5707963267948966,3.465500604860813,-1.0,0.0,0.0,0.0,0.0,1.0
33.153153153153156,3.0,1.5707963267948966,3.4717900796427745,-1.0,0.0,0.0,0.0,0.0,1.0
33.213213213213216,3.0,1.5707963267948966,3.4780795544247365,-1.0,0.0,0.0,0.0,0.0,1.0
33.273273273273276,3.0,1.5707963267948966,3.4843690292066976,-1.0,0.0,0.0,0.0,0.0,1.0
33.333333333333336,3.0,1.5707963267948966,3.4906585039886595,-1.0,0.0,0.0,0.0,0.0,1.0
33.393393393393396,3.0,1.5707963267948966,3.4969479787706206,-1.0,0.0,0.0,0.0,0.0,1.0
33.453453453453456,3.0,1.5707963267948966,3.503237453552582,-1.0,0.0,0.0,0.0,0.0,1.0
33.513513513513516,3.0,1.5707963267948966,3.509526928334544,-1.0,0.0,0.0,0.0,0.0,1.0
33.573573573573576,3.0,1.5707963267948966,3.515816403116505,-1.0,0.0,0.0,0.0,0.0,1.0
33.633633633633636,3.0,1.5707963267948966,3.522105877898467,-1.0,0.0,0.0,0.0,0.0,1.0
33.693693693693696,3.0,1.5707963267948966,3.5283953526804286,-1.0,0.0,0.0,0.0,0.0,1.0
33.753753753753756,3.0,1.5707963267948966,3.53468482746239,-1.0,0.0,0.0,0.0,0.0,1.0
33.813813813813816,3.0,1.5707963267948966,3.5409743022443516,-1.0,0.0,0.0,0.0,0.0,1.0
33.873873873873876,3.0,1.5707963267948966,3.5472637770263136,-1.0,0.0,0.0,0.0,0.0,1.0
33.933933933933936,3.0,1.5707963267948966,3.5535532518082746,-1.0,0.0,0.0,0.0,0.0,1.0
33.993993993993996,3.0,1.5707963267948966,3.559842726590236,-1.0,0.0,0.0,0.0,0.0,1.0
34.054054054054056,3.0,1.5707963267948966,3.5661322013721977,-1.0,0.0,0.0,0.0,0.0,1.0
34.114114114114116,3.0,1.5707963267948966,3.572421676154159,-1.0,0.0,0.0,0.0,0.0,1.0
34.174174174174176,3.0,1.5707963267948966,3.578711150936121,-1.0,0.0,0.0,0.0,0.0,1.0
34.234234234234236,3.0,1.5707963267948966,3.585000625718082,-1.0,0.0,0.0,0.0,0.0,1.0
34.294294294294296,3.0,1.5707963267948966,3.591290100500044,-1.0,0.0,0.0,0.0,0.0,1.0
34.354354354354356,3.0,1.5707963267948966,3.5975795752820057,-1.0,0.0,0.0,0.0,0.0,1.0
34.414414414414416,3.0,1.5707963267948966,3.603869050063967,-1.0,0.0,0.0,0.0,0.0,1.0
34.474474474474476,3.0,1.5707963267948966,3.6101585248459287,-1.0,0.0,0.0,0.0,0.0,1.0
34.53453453453454,3.0,1.5707963267948966,3.6164479996278898,-1.0,0.0,0.0,0.0,0.0,1.0
34.5945945945946,3.0,1.5707963267948966,3.6227374744098517,-1.0,0.0,0.0,0.0,0.0,1.0
34.65465465465466,3.0,1.5707963267948966,3.6290269491918132,-1.0,0.0,0.0,0.0,0.0,1.0
34.71471471471472,3.0,1.5707963267948966,3.6353164239737747,-1.0,0.0,0.0,0.0,0.0,1.0
34.77477477477478,3.0,1.5707963267948966,3.6416058987557363,-1.0,0.0,0.0,0.0,0.0,1.0
34.83483483483484,3.0,1.5707963267948966,3.647895373537698,-1.0,0.0,0.0,0.0,0.0,1.0
34.8948948948949,3.0,1.5707963267948966,3.6541848483196593,-1.0,0.0,0.0,0.0,0.0,1.0
34.95495495495496,3.0,1.5707963267948966,3.6604743231016212,-1.0,0.0,0.0,0.0,0.0,1.0
35.01501501501502,3.0,1.5707963267948966,3.6667637978835828,-1.0,0.0,0.0,0.0,0.0,1.0
35.07507507507508,3.0,1.5707963267948966,3.673053272665544,-1.0,0.0,0.0,0.0,0.0,1.0
35.13513513513514,3.0,1.5707963267948966,3.679342747447506,-1.0,0.0,0.0,0.0,0.0,1.0
35.1951951951952,3.0,1.5707963267948966,3.685632222229467,-1.0,0.0,0.0,0.0,0.0,1.0
35.25525525525526,3.0,1.5707963267948966,3.691921697011429,-1.0,0.0,0.0,0.0,0.0,1.0
35.31531531531532,3.0,1.5707963267948966,3.6982111717933903,-1.0,0.0,0.0,0.0,0.0,1.0
35.37537537537538,3.0,1.5707963267948966,3.704500646575352,-1.0,0.0,0.0,0.0,0.0,1.0
35.43543543543544,3.0,1.5707963267948966,3.7107901213573133,-1.0,0.0,0.0,0.0,0.0,1.0
35.4954954954955,3.0,1.5707963267948966,3.7170795961392753,-1.0,0.0,0.0,0.0,0.0,1.0
35.55555555555556,3.0,1.5707963267948966,3.7233690709212364,-1.0,0.0,0.0,0.0,0.0,1.0
35.61561561561562,3.0,1.5707963267948966,3.729658545703198,-1.0,0.0,0.0,0.0,0.0,1.0
35.67567567567568,3.0,1.5707963267948966,3.73594802048516,-1.0,0.0,0.0,0.0,0.0,1.0
35.73573573573574,3.0,1.5707963267948966,3.742237495267121,-1.0,0.0,0.0,0.0,0.0,1.0
35.7957957957958,3.0,1.5707963267948966,3.748526970049083,-1.0,0.0,0.0,0.0,0.0,1.0
35.85585585585586,3.0,1.5707963267948966,3.754816444831044,-1.0,0.0,0.0,0.0,0.0,1.0
35.91591591591592,3.0,1.5707963267948966,3.761105919613006,-1.0,0.0,0.0,0.0,0.0,1.0
35.97597597597598,3.0,1.5707963267948966,3.7673953943949674,-1.0,0.0,0.0,0.0,0.0,1.0
36.03603603603604,3.0,1.5707963267948966,3.7736848691769285,-1.0,0.0,0.0,0.0,0.0,1.0
36.0960960960961,3.0,1.5707963267948966,3.7799743439588904,-1.0,0.0,0.0,0.0,0.0,1.0
36.15615615615616,3.0,1.5707963267948966,3.786263818740852,-1.0,0.0,0.0,0.0,0.0,1.0
36.21621621621622,3.0,1.5707963267948966,3.7925532935228135,-1.0,0.0,0.0,0.0,0.0,1.0
36.27627627627628,3.0,1.5707963267948966,3.798842768304775,-1.0,0.0,0.0,0.0,0.0,1.0
36.33633633633634,3.0,1.5707963267948966,3.8051322430867365,-1.0,0.0,0.0,0.0,0.0,1.0
36.3963963963964,3.0,1.5707963267948966,3.811421717868698,-1.0,0.0,0.0,0.0,0.0,1.0
36.45645645645646,3.0,1.5707963267948966,3.81771119265066,-1.0,0.0,0.0,0.0,0.0,1.0
36.51651651651652,3.0,1.5707963267948966,3.824000667432621,-1.0,0.0,0.0,0.0,0.0,1.0
36.57657657657658,3.0,1.5707963267948966,3.8302901422145825,-1.0,0.0,0.0,0.0,0.0,1.0
36.63663663663664,3.0,1.5707963267948966,3.8365796169965445,-1.0,0.0,0.0,0.0,0.0,1.0
36.6966966966967,3.0,1.5707963267948966,3.8428690917785056,-1.0,0.0,0.0,0.0,0.0,1.0
36.75675675675676,3.0,1.5707963267948966,3.8491585665604675,-1.0,0.0,0.0,0.0,0.0,1.0
36.81681681681682,3.0,1.5707963267948966,3.855448041342429,-1.0,0.0,0.0,0.0,0.0,1.0
36.87687687687688,3.0,1.5707963267948966,3.8617375161243905,-1.0,0.0,0.0,0.0,0.0,1.0
36.93693693693694,3.0,1.5707963267948966,3.868026990906352,-1.0,0.0,0.0,0.0,0.0,1.0
36.996996996997,3.0,1.5707963267948966,3.8743164656883136,-1.0,0.0,0.0,0.0,0.0,1.0
37.05705705705706,3.0,1.5707963267948966,3.880605940470275,-1.0,0.0,0.0,0.0,0.0,1.0
37.11711711711712,3.0,1.5707963267948966,3.8868954152522366,-1.0,0.0,0.0,0.0,0.0,1.0
37.17717717717718,3.0,1.5707963267948966,3.893184890034198,-1.0,0.0,0.0,0.0,0.0,1.0
37.23723723723724,3.0,1.5707963267948966,3.8994743648161596,-1.0,0.0,0.0,0.0,0.0,1.0
37.2972972972973,3.0,1.5707963267948966,3.9057638395981216,-1.0,0.0,0.0,0.0,0.0,1.0
37.35735735735736,3.0,1.5707963267948966,3.9120533143800826,-1.0,0.0,0.0,0.0,0.0,1.0
37.41741741741742,3.0,1.5707963267948966,3.9183427891620446,-1.0,0.0,0.0,0.0,0.0,1.0
37.47747747747748,3.0,1.5707963267948966,3.9246322639440057,-1.0,0.0,0.0,0.0,0.0,1.0
37.53753753753754,3.0,1.5707963267948966,3.9309217387259676,-1.0,0.0,0.0,0.0,0.0,1.0
37.5975975975976,3.0,1.5707963267948966,3.937211213507929,-1.0,0.0,0.0,0.0,0.0,1.0
37.65765765765766,3.0,1.5707963267948966,3.94350068828989,-1.0,0.0,0.0,0.0,0.0,1.0
37.71771771771772,3.0,1.5707963267948966,3.949790163071852,-1.0,0.0,0.0,0.0,0.0,1.0
37.77777777777778,3.0,1.5707963267948966,3.9560796378538137,-1.0,0.0,0.0,0.0,0.0,1.0
37.83783783783784,3.0,1.5707963267948966,3.962369112635775,-1.0,0.0,0.0,0.0,0.0,1.0
37.8978978978979,3.0,1.5707963267948966,3.9686585874177367,-1.0,0.0,0.0,0.0,0.0,1.0
37.95795795795796,3.0,1.5707963267948966,3.9749480621996987,-1.0,0.0,0.0,0.0,0.0,1.0
38.01801801801802,3.0,1.5707963267948966,3.9812375369816597,-1.0,0.0,0.0,0.0,0.0,1.0
38.07807807807808,3.0,1.5707963267948966,3.9875270117636217,-1.0,0.0,0.0,0.0,0.0,1.0
38.13813813813814,3.0,1.5707963267948966,3.9938164865455827,-1.0,0.0,0.0,0.0,0.0,1.0
38.1981981981982,3.0,1.5707963267948966,4.000105961327544,-1.0,0.0,0.0,0.0,0.0,1.0
38.25825825825826,3.0,1.5707963267948966,4.006395436109506,-1.0,0.0,0.0,0.0,0.0,1.0
38.31831831831832,3.0,1.5707963267948966,4.012684910891467,-1.0,0.0,0.0,0.0,0.0,1.0
38.37837837837838,3.0,1.5707963267948966,4.018974385673429,-1.0,0.0,0.0,0.0,0.0,1.0
38.43843843843844,3.0,1.5707963267948966,4.025263860455391,-1.0,0.0,0.0,0.0,0.0,1.0
38.4984984984985,3.0,1.5707963267948966,4.031553335237352,-1.0,0.0,0.0,0.0,0.0,1.0
38.55855855855856,3.0,1.5707963267948966,4.037842810019314,-1.0,0.0,0.0,0.0,0.0,1.0
38.61861861861862,3.0,1.5707963267948966,4.044132284801275,-1.0,0.0,0.0,0.0,0.0,1.0
38.67867867867868,3.0,1.5707963267948966,4.050421759583236,-1.0,0.0,0.0,0.0,0.0,1.0
38.73873873873874,3.0,1.5707963267948966,4.056711234365198,-1.0,0.0,0.0,0.0,0.0,1.0
38.7987987987988,3.0,1.5707963267948966,4.063000709147159,-1.0,0.0,0.0,0.0,0.0,1.0
38.85885885885886,3.0,1.5707963267948966,4.069290183929121,-1.0,0.0,0.0,0.0,0.0,1.0
38.91891891891892,3.0,1.5707963267948966,4.075579658711083,-1.0,0.0,0.0,0.0,0.0,1.0
38.97897897897898,3.0,1.5707963267948966,4.081869133493044,-1.0,0.0,0.0,0.0,0.0,1.0
39.03903903903904,3.0,1.5707963267948966,4.088158608275006,-1.0,0.0,0.0,0.0,0.0,1.0
39.0990990990991,3.0,1.5707963267948966,4.094448083056968,-1.0,0.0,0.0,0.0,0.0,1.0
39.15915915915916,3.0,1.5707963267948966,4.100737557838929,-1.0,0.0,0.0,0.0,0.0,1.0
39.21921921921922,3.0,1.5707963267948966,4.10702703262089,-1.0,0.0,0.0,0.0,0.0,1.0
39.27927927927928,3.0,1.5707963267948966,4.113316507402852,-1.0,0.0,0.0,0.0,0.0,1.0
39.33933933933934,3.0,1.5707963267948966,4.119605982184813,-1.0,0.0,0.0,0.0,0.0,1.0
39.3993993993994,3.0,1.5707963267948966,4.125895456966775,-1.0,0.0,0.0,0.0,0.0,1.0
39.45945945945946,3.0,1.5707963267948966,4.1321849317487365,-1.0,0.0,0.0,0.0,0.0,1.0
39.51951951951952,3.0,1.5707963267948966,4.138474406530698,-1.0,0.0,0.0,0.0,0.0,1.0
39.57957957957958,3.0,1.5707963267948966,4.14476388131266,-1.0,0.0,0.0,0.0,0.0,1.0
39.63963963963964,3.0,1.5707963267948966,4.1510533560946214,-1.0,0.0,0.0,0.0,0.0,1.0
39.6996996996997,3.0,1.5707963267948966,4.157342830876583,-1.0,0.0,0.0,0.0,0.0,1.0
39.75975975975976,3.0,1.5707963267948966,4.1636323056585445,-1.0,0.0,0.0,0.0,0.0,1.0
39.81981981981982,3.0,1.5707963267948966,4.169921780440506,-1.0,0.0,0.0,0.0,0.0,1.0
39.87987987987988,3.0,1.5707963267948966,4.1762112552224675,-1.0,0.0,0.0,0.0,0.0,1.0
39.93993993993994,3.0,1.5707963267948966,4.1825007300044295,-1.0,0.0,0.0,0.0,0.0,1.0
40.0,3.0,1.5707963267948966,4.1887902047863905,-1.0,0.0,0.0,0.0,0.0,1.0
40.06006006006006,3.0,1.5707963267948966,4.1950796795683525,-1.0,0.0,0.0,0.0,0.0,1.0
40.12012012012012,3.0,1.5707963267948966,4.2013691543503136,-1.0,0.0,0.0,0.0,0.0,1.0
40.18018018018018,3.0,1.5707963267948966,4.2076586291322755,-1.0,0.0,0.0,0.0,0.0,1.0
40.24024024024024,3.0,1.5707963267948966,4.2139481039142375,-1.0,0.0,0.0,0.0,0.0,1.0
40.3003003003003,3.0,1.5707963267948966,4.2202375786961985,-1.0,0.0,0.0,0.0,0.0,1.0
40.36036036036036,3.0,1.5707963267948966,4.2265270534781605,-1.0,0.0,0.0,0.0,0.0,1.0
40.42042042042042,3.0,1.5707963267948966,4.232816528260122,-1.0,0.0,0.0,0.0,0.0,1.0
40.48048048048048,3.0,1.5707963267948966,4.2391060030420835,-1.0,0.0,0.0,0.0,0.0,1.0
40.54054054054054,3.0,1.5707963267948966,4.245395477824045,-1.0,0.0,0.0,0.0,0.0,1.0
40.6006006006006,3.0,1.5707963267948966,4.2516849526060065,-1.0,0.0,0.0,0.0,0.0,1.0
40.66066066066066,3.0,1.5707963267948966,4.257974427387968,-1.0,0.0,0.0,0.0,0.0,1.0
40.72072072072072,3.0,1.5707963267948966,4.26426390216993,-1.0,0.0,0.0,0.0,0.0,1.0
40.78078078078078,3.0,1.5707963267948966,4.2705533769518915,-1.0,0.0,0.0,0.0,0.0,1.0
40.84084084084084,3.0,1.5707963267948966,4.276842851733852,-1.0,0.0,0.0,0.0,0.0,1.0
40.9009009009009,3.0,1.5707963267948966,4.283132326515814,-1.0,0.0,0.0,0.0,0.0,1.0
40.96096096096096,3.0,1.5707963267948966,4.289421801297776,-1.0,0.0,0.0,0.0,0.0,1.0
41.02102102102102,3.0,1.5707963267948966,4.295711276079738,-1.0,0.0,0.0,0.0,0.0,1.0
41.08108108108108,3.0,1.5707963267948966,4.302000750861699,-1.0,0.0,0.0,0.0,0.0,1.0
41.14114114114114,3.0,1.5707963267948966,4.308290225643661,-1.0,0.0,0.0,0.0,0.0,1.0
41.2012012012012,3.0,1.5707963267948966,4.314579700425622,-1.0,0.0,0.0,0.0,0.0,1.0
41.26126126126126,3.0,1.5707963267948966,4.320869175207583,-1.0,0.0,0.0,0.0,0.0,1.0
41.32132132132132,3.0,1.5707963267948966,4.327158649989545,-1.0,0.0,0.0,0.0,0.0,1.0
41.38138138138138,3.0,1.5707963267948966,4.333448124771507,-1.0,0.0,0.0,0.0,0.0,1.0
41.44144144144144,3.0,1.5707963267948966,4.339737599553469,-1.0,0.0,0.0,0.0,0.0,1.0
41.5015015015015,3.0,1.5707963267948966,4.346027074335429,-1.0,0.0,0.0,0.0,0.0,1.0
41.56156156156156,3.0,1.5707963267948966,4.352316549117391,-1.0,0.0,0.0,0.0,0.0,1.0
41.62162162162162,3.0,1.5707963267948966,4.358606023899353,-1.0,0.0,0.0,0.0,0.0,1.0
41.68168168168168,3.0,1.5707963267948966,4.364895498681315,-1.0,0.0,0.0,0.0,0.0,1.0
41.74174174174174,3.0,1.5707963267948966,4.371184973463276,-1.0,0.0,0.0,0.0,0.0,1.0
41.8018018018018,3.0,1.5707963267948966,4.377474448245237,-1.0,0.0,0.0,0.0,0.0,1.0
41.86186186186186,3.0,1.5707963267948966,4.383763923027199,-1.0,0.0,0.0,0.0,0.0,1.0
41.92192192192192,3.0,1.5707963267948966,4.39005339780916,-1.0,0.0,0.0,0.0,0.0,1.0
41.98198198198198,3.0,1.5707963267948966,4.396342872591122,-1.0,0.0,0.0,0.0,0.0,1.0
42.04204204204204,3.0,1.5707963267948966,4.402632347373084,-1.0,0.0,0.0,0.0,0.0,1.0
42.1021021021021,3.0,1.5707963267948966,4.408921822155046,-1.0,0.0,0.0,0.0,0.0,1.0
42.16216216216216,3.0,1.5707963267948966,4.415211296937006,-1.0,0.0,0.0,0.0,0.0,1.0
42.22222222222222,3.0,1.5707963267948966,4.421500771718968,-1.0,0.0,0.0,0.0,0.0,1.0
42.28228228228228,3.0,1.5707963267948966,4.42779024650093,-1.0,0.0,0.0,0.0,0.0,1.0
42.34234234234234,3.0,1.5707963267948966,4.434079721282891,-1.0,0.0,0.0,0.0,0.0,1.0
42.4024024024024,3.0,1.5707963267948966,4.440369196064853,-1.0,0.0,0.0,0.0,0.0,1.0
42.46246246246246,3.0,1.5707963267948966,4.446658670846814,-1.0,0.0,0.0,0.0,0.0,1.0
42.52252252252252,3.0,1.5707963267948966,4.452948145628776,-1.0,0.0,0.0,0.0,0.0,1.0
42.58258258258258,3.0,1.5707963267948966,4.459237620410737,-1.0,0.0,0.0,0.0,0.0,1.0
42.64264264264264,3.0,1.5707963267948966,4.465527095192699,-1.0,0.0,0.0,0.0,0.0,1.0
42.7027027027027,3.0,1.5707963267948966,4.471816569974661,-1.0,0.0,0.0,0.0,0.0,1.0
42.76276276276276,3.0,1.5707963267948966,4.478106044756623,-1.0,0.0,0.0,0.0,0.0,1.0
42.82282282282282,3.0,1.5707963267948966,4.484395519538583,-1.0,0.0,0.0,0.0,0.0,1.0
42.88288288288288,3.0,1.5707963267948966,4.490684994320545,-1.0,0.0,0.0,0.0,0.0,1.0
42.94294294294294,3.0,1.5707963267948966,4.496974469102507,-1.0,0.0,0.0,0.0,0.0,1.0
43.003003003003,3.0,1.5707963267948966,4.503263943884468,-1.0,0.0,0.0,0.0,0.0,1.0
43.06306306306306,3.0,1.5707963267948966,4.50955341866643,-1.0,0.0,0.0,0.0,0.0,1.0
43.12312312312312,3.0,1.5707963267948966,4.515842893448391,-1.0,0.0,0.0,0.0,0.0,1.0
43.18318318318318,3.0,1.5707963267948966,4.522132368230353,-1.0,0.0,0.0,0.0,0.0,1.0
43.24324324324324,3.0,1.5707963267948966,4.528421843012314,-1.0,0.0,0.0,0.0,0.0,1.0
43.3033033033033,3.0,1.5707963267948966,4.534711317794276,-1.0,0.0,0.0,0.0,0.0,1.0
43.36336336336336,3.0,1.5707963267948966,4.541000792576238,-1.0,0.0,0.0,0.0,0.0,1.0
43.42342342342342,3.0,1.5707963267948966,4.547290267358199,-1.0,0.0,0.0,0.0,0.0,1.0
43.48348348348348,3.0,1.5707963267948966,4.55357974214016,-1.0,0.0,0.0,0.0,0.0,1.0
43.54354354354354,3.0,1.5707963267948966,4.559869216922122,-1.0,0.0,0.0,0.0,0.0,1.0
43.6036036036036,3.0,1.5707963267948966,4.566158691704084,-1.0,0.0,0.0,0.0,0.0,1.0
43.66366366366366,3.0,1.5707963267948966,4.572448166486045,-1.0,0.0,0.0,0.0,0.0,1.0
43.72372372372372,3.0,1.5707963267948966,4.578737641268007,-1.0,0.0,0.0,0.0,0.0,1.0
43.78378378378378,3.0,1.5707963267948966,4.585027116049968,-1.0,0.0,0.0,0.0,0.0,1.0
43.84384384384384,3.0,1.5707963267948966,4.591316590831929,-1.0,0.0,0.0,0.0,0.0,1.0
43.9039039039039,3.0,1.5707963267948966,4.597606065613891,-1.0,0.0,0.0,0.0,0.0,1.0
43.96396396396396,3.0,1.5707963267948966,4.603895540395853,-1.0,0.0,0.0,0.0,0.0,1.0
44.02402402402402,3.0,1.5707963267948966,4.610185015177815,-1.0,0.0,0.0,0.0,0.0,1.0
44.08408408408408,3.0,1.5707963267948966,4.616474489959775,-1.0,0.0,0.0,0.0,0.0,1.0
44.14414414414414,3.0,1.5707963267948966,4.622763964741737,-1.0,0.0,0.0,0.0,0.0,1.0
44.2042042042042,3.0,1.5707963267948966,4.629053439523699,-1.0,0.0,0.0,0.0,0.0,1.0
44.26426426426426,3.0,1.5707963267948966,4.635342914305661,-1.0,0.0,0.0,0.0,0.0,1.0
44.32432432432432,3.0,1.5707963267948966,4.641632389087622,-1.0,0.0,0.0,0.0,0.0,1.0
44.38438438438438,3.0,1.5707963267948966,4.647921863869584,-1.0,0.0,0.0,0.0,0.0,1.0
44.44444444444444,3.0,1.5707963267948966,4.654211338651545,-1.0,0.0,0.0,0.0,0.0,1.0
44.5045045045045,3.0,1.5707963267948966,4.660500813433506,-1.0,0.0,0.0,0.0,0.0,1.0
44.56456456456456,3.0,1.5707963267948966,4.666790288215468,-1.0,0.0,0.0,0.0,0.0,1.0
44.62462462462462,3.0,1.5707963267948966,4.67307976299743,-1.0,0.0,0.0,0.0,0.0,1.0
44.68468468468468,3.0,1.5707963267948966,4.679369237779392,-1.0,0.0,0.0,0.0,0.0,1.0
44.74474474474474,3.0,1.5707963267948966,4.685658712561352,-1.0,0.0,0.0,0.0,0.0,1.0
44.8048048048048,3.0,1.5707963267948966,4.691948187343314,-1.0,0.0,0.0,0.0,0.0,1.0
44.86486486486486,3.0,1.5707963267948966,4.698237662125276,-1.0,0.0,0.0,0.0,0.0,1.0
44.92492492492492,3.0,1.5707963267948966,4.704527136907237,-1.0,0.0,0.0,0.0,0.0,1.0
44.98498498498498,3.0,1.5707963267948966,4.710816611689199,-1.0,0.0,0.0,0.0,0.0,1.0
45.04504504504504,3.0,1.5707963267948966,4.717106086471161,-1.0,0.0,0.0,0.0,0.0,1.0
45.1051051051051,3.0,1.5707963267948966,4.723395561253122,-1.0,0.0,0.0,0.0,0.0,1.0
45.16516516516516,3.0,1.5707963267948966,4.729685036035083,-1.0,0.0,0.0,0.0,0.0,1.0
45.22522522522522,3.0,1.5707963267948966,4.735974510817045,-1.0,0.0,0.0,0.0,0.0,1.0
45.28528528528528,3.0,1.5707963267948966,4.742263985599007,-1.0,0.0,0.0,0.0,0.0,1.0
45.34534534534534,3.0,1.5707963267948966,4.748553460380969,-1.0,0.0,0.0,0.0,0.0,1.0
45.4054054054054,3.0,1.5707963267948966,4.754842935162929,-1.0,0.0,0.0,0.0,0.0,1.0
45.46546546546546,3.0,1.5707963267948966,4.761132409944891,-1.0,0.0,0.0,0.0,0.0,1.0
45.525525525525524,3.0,1.5707963267948966,4.767421884726853,-1.0,0.0,0.0,0.0,0.0,1.0
45.585585585585584,3.0,1.5707963267948966,4.773711359508814,-1.0,0.0,0.0,0.0,0.0,1.0
45.645645645645644,3.0,1.5707963267948966,4.780000834290776,-1.0,0.0,0.0,0.0,0.0,1.0
45.705705705705704,3.0,1.5707963267948966,4.786290309072738,-1.0,0.0,0.0,0.0,0.0,1.0
45.765765765765764,3.0,1.5707963267948966,4.792579783854699,-1.0,0.0,0.0,0.0,0.0,1.0
45.825825825825824,3.0,1.5707963267948966,4.79886925863666,-1.0,0.0,0.0,0.0,0.0,1.0
45.885885885885884,3.0,1.5707963267948966,4.805158733418622,-1.0,0.0,0.0,0.0,0.0,1.0
45.945945945945944,3.0,1.5707963267948966,4.811448208200584,-1.0,0.0,0.0,0.0,0.0,1.0
46.006006006006004,3.0,1.5707963267948966,4.817737682982545,-1.0,0.0,0.0,0.0,0.0,1.0
46.066066066066064,3.0,1.5707963267948966,4.824027157764506,-1.0,0.0,0.0,0.0,0.0,1.0
46.126126126126124,3.0,1.5707963267948966,4.830316632546468,-1.0,0.0,0.0,0.0,0.0,1.0
46.186186186186184,3.0,1.5707963267948966,4.83660610732843,-1.0,0.0,0.0,0.0,0.0,1.0
46.246246246246244,3.0,1.5707963267948966,4.842895582110391,-1.0,0.0,0.0,0.0,0.0,1.0
46.306306306306304,3.0,1.5707963267948966,4.849185056892353,-1.0,0.0,0.0,0.0,0.0,1.0
46.366366366366364,3.0,1.5707963267948966,4.855474531674314,-1.0,0.0,0.0,0.0,0.0,1.0
46.426426426426424,3.0,1.5707963267948966,4.8617640064562755,-1.0,0.0,0.0,0.0,0.0,1.0
46.486486486486484,3.0,1.5707963267948966,4.8680534812382374,-1.0,0.0,0.0,0.0,0.0,1.0
46.546546546546544,3.0,1.5707963267948966,4.874342956020199,-1.0,0.0,0.0,0.0,0.0,1.0
46.606606606606604,3.0,1.5707963267948966,4.880632430802161,-1.0,0.0,0.0,0.0,0.0,1.0
46.666666666666664,3.0,1.5707963267948966,4.886921905584122,-1.0,0.0,0.0,0.0,0.0,1.0
46.726726726726724,3.0,1.5707963267948966,4.8932113803660835,-1.0,0.0,0.0,0.0,0.0,1.0
46.786786786786784,3.0,1.5707963267948966,4.8995008551480455,-1.0,0.0,0.0,0.0,0.0,1.0
46.846846846846844,3.0,1.5707963267948966,4.905790329930007,-1.0,0.0,0.0,0.0,0.0,1.0
46.906906906906904,3.0,1.5707963267948966,4.9120798047119685,-1.0,0.0,0.0,0.0,0.0,1.0
46.966966966966964,3.0,1.5707963267948966,4.91836927949393,-1.0,0.0,0.0,0.0,0.0,1.0
47.027027027027025,3.0,1.5707963267948966,4.9246587542758915,-1.0,0.0,0.0,0.0,0.0,1.0
47.087087087087085,3.0,1.5707963267948966,4.930948229057853,-1.0,0.0,0.0,0.0,0.0,1.0
47.147147147147145,3.0,1.5707963267948966,4.9372377038398145,-1.0,0.0,0.0,0.0,0.0,1.0
47.207207207207205,3.0,1.5707963267948966,4.9435271786217765,-1.0,0.0,0.0,0.0,0.0,1.0
47.267267267267265,3.0,1.5707963267948966,4.949816653403738,-1.0,0.0,0.0,0.0,0.0,1.0
47.327327327327325,3.0,1.5707963267948966,4.9561061281856995,-1.0,0.0,0.0,0.0,0.0,1.0
47.387387387387385,3.0,1.5707963267948966,4.962395602967661,-1.0,0.0,0.0,0.0,0.0,1.0
47.447447447447445,3.0,1.5707963267948966,4.9686850777496225,-1.0,0.0,0.0,0.0,0.0,1.0
47.507507507507505,3.0,1.5707963267948966,4.974974552531584,-1.0,0.0,0.0,0.0,0.0,1.0
47.567567567567565,3.0,1.5707963267948966,4.981264027313546,-1.0,0.0,0.0,0.0,0.0,1.0
47.627627627627625,3.0,1.5707963267948966,4.9875535020955075,-1.0,0.0,0.0,0.0,0.0,1.0
47.687687687687685,3.0,1.5707963267948966,4.993842976877469,-1.0,0.0,0.0,0.0,0.0,1.0
47.747747747747745,3.0,1.5707963267948966,5.00013245165943,-1.0,0.0,0.0,0.0,0.0,1.0
47.807807807807805,3.0,1.5707963267948966,5.006421926441392,-1.0,0.0,0.0,0.0,0.0,1.0
47.867867867867865,3.0,1.5707963267948966,5.012711401223354,-1.0,0.0,0.0,0.0,0.0,1.0
47.927927927927925,3.0,1.5707963267948966,5.0190008760053155,-1.0,0.0,0.0,0.0,0.0,1.0
47.987987987987985,3.0,1.5707963267948966,5.025290350787277,-1.0,0.0,0.0,0.0,0.0,1.0
48.048048048048045,3.0,1.5707963267948966,5.031579825569238,-1.0,0.0,0.0,0.0,0.0,1.0
48.108108108108105,3.0,1.5707963267948966,5.0378693003512,-1.0,0.0,0.0,0.0,0.0,1.0
48.168168168168165,3.0,1.5707963267948966,5.044158775133161,-1.0,0.0,0.0,0.0,0.0,1.0
48.228228228228225,3.0,1.5707963267948966,5.050448249915123,-1.0,0.0,0.0,0.0,0.0,1.0
48.288288288288285,3.0,1.5707963267948966,5.056737724697085,-1.0,0.0,0.0,0.0,0.0,1.0
48.348348348348345,3.0,1.5707963267948966,5.063027199479046,-1.0,0.0,0.0,0.0,0.0,1.0
48.408408408408405,3.0,1.5707963267948966,5.069316674261007,-1.0,0.0,0.0,0.0,0.0,1.0
48.468468468468465,3.0,1.5707963267948966,5.075606149042969,-1.0,0.0,0.0,0.0,0.0,1.0
48.528528528528525,3.0,1.5707963267948966,5.081895623824931,-1.0,0.0,0.0,0.0,0.0,1.0
48.588588588588586,3.0,1.5707963267948966,5.088185098606892,-1.0,0.0,0.0,0.0,0.0,1.0
48.648648648648646,3.0,1.5707963267948966,5.094474573388853,-1.0,0.0,0.0,0.0,0.0,1.0
48.708708708708706,3.0,1.5707963267948966,5.100764048170815,-1.0,0.0,0.0,0.0,0.0,1.0
48.768768768768766,3.0,1.5707963267948966,5.107053522952777,-1.0,0.0,0.0,0.0,0.0,1.0
48.828828828828826,3.0,1.5707963267948966,5.113342997734738,-1.0,0.0,0.0,0.0,0.0,1.0
48.888888888888886,3.0,1.5707963267948966,5.1196324725167,-1.0,0.0,0.0,0.0,0.0,1.0
48.948948948948946,3.0,1.5707963267948966,5.125921947298662,-1.0,0.0,0.0,0.0,0.0,1.0
49.009009009009006,3.0,1.5707963267948966,5.132211422080622,-1.0,0.0,0.0,0.0,0.0,1.0
49.069069069069066,3.0,1.5707963267948966,5.138500896862584,-1.0,0.0,0.0,0.0,0.0,1.0
49.129129129129126,3.0,1.5707963267948966,5.144790371644546,-1.0,0.0,0.0,0.0,0.0,1.0
49.189189189189186,3.0,1.5707963267948966,5.151079846426508,-1.0,0.0,0.0,0.0,0.0,1.0
49.249249249249246,3.0,1.5707963267948966,5.157369321208469,-1.0,0.0,0.0,0.0,0.0,1.0
49.309309309309306,3.0,1.5707963267948966,5.16365879599043,-1.0,0.0,0.0,0.0,0.0,1.0
49.369369369369366,3.0,1.5707963267948966,5.169948270772392,-1.0,0.0,0.0,0.0,0.0,1.0
49.429429429429426,3.0,1.5707963267948966,5.176237745554354,-1.0,0.0,0.0,0.0,0.0,1.0
49.489489489489486,3.0,1.5707963267948966,5.182527220336315,-1.0,0.0,0.0,0.0,0.0,1.0
49.549549549549546,3.0,1.5707963267948966,5.188816695118277,-1.0,0.0,0.0,0.0,0.0,1.0
49.609609609609606,3.0,1.5707963267948966,5.195106169900239,-1.0,0.0,0.0,0.0,0.0,1.0
49.669669669669666,3.0,1.5707963267948966,5.201395644682199,-1.0,0.0,0.0,0.0,0.0,1.0
49.729729729729726,3.0,1.5707963267948966,5.207685119464161,-1.0,0.0,0.0,0.0,0.0,1.0
49.789789789789786,3.0,1.5707963267948966,5.213974594246123,-1.0,0.0,0.0,0.0,0.0,1.0
49.849849849849846,3.0,1.5707963267948966,5.220264069028085,-1.0,0.0,0.0,0.0,0.0,1.0
49.909909909909906,3.0,1.5707963267948966,5.226553543810046,-1.0,0.0,0.0,0.0,0.0,1.0
49.969969969969966,3.0,1.5707963267948966,5.232843018592007,-1.0,0.0,0.0,0.0,0.0,1.0
50.03003003003003,3.0,1.5707963267948966,5.239132493373969,-1.0,0.0,0.0,0.0,0.0,1.0
50.09009009009009,3.0,1.5707963267948966,5.24542196815593,-1.0,0.0,0.0,0.0,0.0,1.0
50.15015015015015,3.0,1.5707963267948966,5.251711442937892,-1.0,0.0,0.0,0.0,0.0,1.0
50.21021021021021,3.0,1.5707963267948966,5.258000917719854,-1.0,0.0,0.0,0.0,0.0,1.0
50.27027027027027,3.0,1.5707963267948966,5.264290392501816,-1.0,0.0,0.0,0.0,0.0,1.0
50.33033033033033,3.0,1.5707963267948966,5.270579867283776,-1.0,0.0,0.0,0.0,0.0,1.0
50.39039039039039,3.0,1.5707963267948966,5.276869342065738,-1.0,0.0,0.0,0.0,0.0,1.0
50.45045045045045,3.0,1.5707963267948966,5.2831588168477,-1.0,0.0,0.0,0.0,0.0,1.0
50.51051051051051,3.0,1.5707963267948966,5.289448291629662,-1.0,0.0,0.0,0.0,0.0,1.0
50.57057057057057,3.0,1.5707963267948966,5.295737766411623,-1.0,0.0,0.0,0.0,0.0,1.0
50.63063063063063,3.0,1.5707963267948966,5.302027241193584,-1.0,0.0,0.0,0.0,0.0,1.0
50.69069069069069,3.0,1.5707963267948966,5.308316715975546,-1.0,0.0,0.0,0.0,0.0,1.0
50.75075075075075,3.0,1.5707963267948966,5.314606190757507,-1.0,0.0,0.0,0.0,0.0,1.0
50.81081081081081,3.0,1.5707963267948966,5.320895665539469,-1.0,0.0,0.0,0.0,0.0,1.0
50.87087087087087,3.0,1.5707963267948966,5.327185140321431,-1.0,0.0,0.0,0.0,0.0,1.0
50.93093093093093,3.0,1.5707963267948966,5.333474615103393,-1.0,0.0,0.0,0.0,0.0,1.0
50.99099099099099,3.0,1.5707963267948966,5.339764089885353,-1.0,0.0,0.0,0.0,0.0,1.0
51.05105105105105,3.0,1.5707963267948966,5.346053564667315,-1.0,0.0,0.0,0.0,0.0,1.0
51.11111111111111,3.0,1.5707963267948966,5.352343039449277,-1.0,0.0,0.0,0.0,0.0,1.0
51.17117117117117,3.0,1.5707963267948966,5.358632514231238,-1.0,0.0,0.0,0.0,0.0,1.0
51.23123123123123,3.0,1.5707963267948966,5.3649219890132,-1.0,0.0,0.0,0.0,0.0,1.0
51.291291291291294,3.0,1.5707963267948966,5.371211463795162,-1.0,0.0,0.0,0.0,0.0,1.0
51.351351351351354,3.0,1.5707963267948966,5.377500938577124,-1.0,0.0,0.0,0.0,0.0,1.0
51.411411411411414,3.0,1.5707963267948966,5.383790413359085,-1.0,0.0,0.0,0.0,0.0,1.0
51.471471471471475,3.0,1.5707963267948966,5.390079888141047,-1.0,0.0,0.0,0.0,0.0,1.0
51.531531531531535,3.0,1.5707963267948966,5.396369362923008,-1.0,0.0,0.0,0.0,0.0,1.0
51.591591591591595,3.0,1.5707963267948966,5.40265883770497,-1.0,0.0,0.0,0.0,0.0,1.0
51.651651651651655,3.0,1.5707963267948966,5.408948312486931,-1.0,0.0,0.0,0.0,0.0,1.0
51.711711711711715,3.0,1.5707963267948966,5.415237787268893,-1.0,0.0,0.0,0.0,0.0,1.0
51.771771771771775,3.0,1.5707963267948966,5.421527262050855,-1.0,0.0,0.0,0.0,0.0,1.0
51.831831831831835,3.0,1.5707963267948966,5.427816736832816,-1.0,0.0,0.0,0.0,0.0,1.0
51.891891891891895,3.0,1.5707963267948966,5.434106211614777,-1.0,0.0,0.0,0.0,0.0,1.0
51.951951951951955,3.0,1.5707963267948966,5.440395686396739,-1.0,0.0,0.0,0.0,0.0,1.0
52.012012012012015,3.0,1.5707963267948966,5.446685161178701,-1.0,0.0,0.0,0.0,0.0,1.0
52.072072072072075,3.0,1.5707963267948966,5.452974635960662,-1.0,0.0,0.0,0.0,0.0,1.0
52.132132132132135,3.0,1.5707963267948966,5.459264110742624,-1.0,0.0,0.0,0.0,0.0,1.0
52.192192192192195,3.0,1.5707963267948966,5.465553585524585,-1.0,0.0,0.0,0.0,0.0,1.0
52.252252252252255,3.0,1.5707963267948966,5.471843060306546,-1.0,0.0,0.0,0.0,0.0,1.0
52.312312312312315,3.0,1.5707963267948966,5.478132535088508,-1.0,0.0,0.0,0.0,0.0,1.0
52.372372372372375,3.0,1.5707963267948966,5.48442200987047,-1.0,0.0,0.0,0.0,0.0,1.0
52.432432432432435,3.0,1.5707963267948966,5.490711484652432,-1.0,0.0,0.0,0.0,0.0,1.0
52.492492492492495,3.0,1.5707963267948966,5.497000959434393,-1.0,0.0,0.0,0.0,0.0,1.0
52.552552552552555,3.0,1.5707963267948966,5.503290434216354,-1.0,0.0,0.0,0.0,0.0,1.0
52.612612612612615,3.0,1.5707963267948966,5.509579908998316,-1.0,0.0,0.0,0.0,0.0,1.0
52.672672672672675,3.0,1.5707963267948966,5.515869383780278,-1.0,0.0,0.0,0.0,0.0,1.0
52.732732732732735,3.0,1.5707963267948966,5.522158858562239,-1.0,0.0,0.0,0.0,0.0,1.0
52.792792792792795,3.0,1.5707963267948966,5.528448333344201,-1.0,0.0,0.0,0.0,0.0,1.0
52.852852852852855,3.0,1.5707963267948966,5.534737808126162,-1.0,0.0,0.0,0.0,0.0,1.0
52.912912912912915,3.0,1.5707963267948966,5.541027282908123,-1.0,0.0,0.0,0.0,0.0,1.0
52.972972972972975,3.0,1.5707963267948966,5.547316757690085,-1.0,0.0,0.0,0.0,0.0,1.0
53.033033033033036,3.0,1.5707963267948966,5.553606232472047,-1.0,0.0,0.0,0.0,0.0,1.0
53.093093093093096,3.0,1.5707963267948966,5.559895707254009,-1.0,0.0,0.0,0.0,0.0,1.0
53.153153153153156,3.0,1.5707963267948966,5.566185182035969,-1.0,0.0,0.0,0.0,0.0,1.0
53.213213213213216,3.0,1.5707963267948966,5.572474656817931,-1.0,0.0,0.0,0.0,0.0,1.0
53.273273273273276,3.0,1.5707963267948966,5.578764131599893,-1.0,0.0,0.0,0.0,0.0,1.0
53.333333333333336,3.0,1.5707963267948966,5.585053606381854,-1.0,0.0,0.0,0.0,0.0,1.0
53.393393393393396,3.0,1.5707963267948966,5.591343081163816,-1.0,0.0,0.0,0.0,0.0,1.0
53.453453453453456,3.0,1.5707963267948966,5.597632555945778,-1.0,0.0,0.0,0.0,0.0,1.0
53.513513513513516,3.0,1.5707963267948966,5.603922030727739,-1.0,0.0,0.0,0.0,0.0,1.0
53.573573573573576,3.0,1.5707963267948966,5.6102115055097,-1.0,0.0,0.0,0.0,0.0,1.0
53.633633633633636,3.0,1.5707963267948966,5.616500980291662,-1.0,0.0,0.0,0.0,0.0,1.0
53.693693693693696,3.0,1.5707963267948966,5.622790455073624,-1.0,0.0,0.0,0.0,0.0,1.0
53.753753753753756,3.0,1.5707963267948966,5.629079929855586,-1.0,0.0,0.0,0.0,0.0,1.0
53.813813813813816,3.0,1.5707963267948966,5.635369404637546,-1.0,0.0,0.0,0.0,0.0,1.0
53.873873873873876,3.0,1.5707963267948966,5.641658879419508,-1.0,0.0,0.0,0.0,0.0,1.0
53.933933933933936,3.0,1.5707963267948966,5.64794835420147,-1.0,0.0,0.0,0.0,0.0,1.0
53.993993993993996,3.0,1.5707963267948966,5.654237828983431,-1.0,0.0,0.0,0.0,0.0,1.0
54.054054054054056,3.0,1.5707963267948966,5.660527303765393,-1.0,0.0,0.0,0.0,0.0,1.0
54.114114114114116,3.0,1.5707963267948966,5.666816778547355,-1.0,0.0,0.0,0.0,0.0,1.0
54.174174174174176,3.0,1.5707963267948966,5.673106253329316,-1.0,0.0,0.0,0.0,0.0,1.0
54.234234234234236,3.0,1.5707963267948966,5.6793957281112775,-1.0,0.0,0.0,0.0,0.0,1.0
54.294294294294296,3.0,1.5707963267948966,5.685685202893239,-1.0,0.0,0.0,0.0,0.0,1.0
54.354354354354356,3.0,1.5707963267948966,5.691974677675201,-1.0,0.0,0.0,0.0,0.0,1.0
54.414414414414416,3.0,1.5707963267948966,5.6982641524571624,-1.0,0.0,0.0,0.0,0.0,1.0
54.474474474474476,3.0,1.5707963267948966,5.7045536272391235,-1.0,0.0,0.0,0.0,0.0,1.0
54.53453453453454,3.0,1.5707963267948966,5.7108431020210855,-1.0,0.0,0.0,0.0,0.0,1.0
54.5945945945946,3.0,1.5707963267948966,5.717132576803047,-1.0,0.0,0.0,0.0,0.0,1.0
54.65465465465466,3.0,1.5707963267948966,5.7234220515850085,-1.0,0.0,0.0,0.0,0.0,1.0
54.71471471471472,3.0,1.5707963267948966,5.7297115263669705,-1.0,0.0,0.0,0.0,0.0,1.0
54.77477477477478,3.0,1.5707963267948966,5.736001001148932,-1.0,0.0,0.0,0.0,0.0,1.0
54.83483483483484,3.0,1.5707963267948966,5.742290475930893,-1.0,0.0,0.0,0.0,0.0,1.0
54.8948948948949,3.0,1.5707963267948966,5.7485799507128545,-1.0,0.0,0.0,0.0,0.0,1.0
54.95495495495496,3.0,1.5707963267948966,5.7548694254948165,-1.0,0.0,0.0,0.0,0.0,1.0
55.01501501501502,3.0,1.5707963267948966,5.7611589002767785,-1.0,0.0,0.0,0.0,0.0,1.0
55.07507507507508,3.0,1.5707963267948966,5.7674483750587395,-1.0,0.0,0.0,0.0,0.0,1.0
55.13513513513514,3.0,1.5707963267948966,5.773737849840701,-1.0,0.0,0.0,0.0,0.0,1.0
55.1951951951952,3.0,1.5707963267948966,5.7800273246226626,-1.0,0.0,0.0,0.0,0.0,1.0
55.25525525525526,3.0,1.5707963267948966,5.7863167994046245,-1.0,0.0,0.0,0.0,0.0,1.0
55.31531531531532,3.0,1.5707963267948966,5.792606274186586,-1.0,0.0,0.0,0.0,0.0,1.0
55.37537537537538,3.0,1.5707963267948966,5.7988957489685475,-1.0,0.0,0.0,0.0,0.0,1.0
55.43543543543544,3.0,1.5707963267948966,5.805185223750509,-1.0,0.0,0.0,0.0,0.0,1.0
55.4954954954955,3.0,1.5707963267948966,5.81147469853247,-1.0,0.0,0.0,0.0,0.0,1.0
55.55555555555556,3.0,1.5707963267948966,5.817764173314432,-1.0,0.0,0.0,0.0,0.0,1.0
55.61561561561562,3.0,1.5707963267948966,5.824053648096394,-1.0,0.0,0.0,0.0,0.0,1.0
55.67567567567568,3.0,1.5707963267948966,5.8303431228783555,-1.0,0.0,0.0,0.0,0.0,1.0
55.73573573573574,3.0,1.5707963267948966,5.836632597660317,-1.0,0.0,0.0,0.0,0.0,1.0
55.7957957957958,3.0,1.5707963267948966,5.842922072442278,-1.0,0.0,0.0,0.0,0.0,1.0
55.85585585585586,3.0,1.5707963267948966,5.84921154722424,-1.0,0.0,0.0,0.0,0.0,1.0
55.91591591591592,3.0,1.5707963267948966,5.855501022006201,-1.0,0.0,0.0,0.0,0.0,1.0
55.97597597597598,3.0,1.5707963267948966,5.861790496788163,-1.0,0.0,0.0,0.0,0.0,1.0
56.03603603603604,3.0,1.5707963267948966,5.868079971570125,-1.0,0.0,0.0,0.0,0.0,1.0
56.0960960960961,3.0,1.5707963267948966,5.874369446352086,-1.0,0.0,0.0,0.0,0.0,1.0
56.15615615615616,3.0,1.5707963267948966,5.880658921134047,-1.0,0.0,0.0,0.0,0.0,1.0
56.21621621621622,3.0,1.5707963267948966,5.886948395916009,-1.0,0.0,0.0,0.0,0.0,1.0
56.27627627627628,3.0,1.5707963267948966,5.893237870697971,-1.0,0.0,0.0,0.0,0.0,1.0
56.33633633633634,3.0,1.5707963267948966,5.899527345479933,-1.0,0.0,0.0,0.0,0.0,1.0
56.3963963963964,3.0,1.5707963267948966,5.905816820261894,-1.0,0.0,0.0,0.0,0.0,1.0
56.45645645645646,3.0,1.5707963267948966,5.912106295043855,-1.0,0.0,0.0,0.0,0.0,1.0
56.51651651651652,3.0,1.5707963267948966,5.918395769825817,-1.0,0.0,0.0,0.0,0.0,1.0
56.57657657657658,3.0,1.5707963267948966,5.924685244607778,-1.0,0.0,0.0,0.0,0.0,1.0
56.63663663663664,3.0,1.5707963267948966,5.93097471938974,-1.0,0.0,0.0,0.0,0.0,1.0
56.6966966966967,3.0,1.5707963267948966,5.937264194171702,-1.0,0.0,0.0,0.0,0.0,1.0
56.75675675675676,3.0,1.5707963267948966,5.943553668953663,-1.0,0.0,0.0,0.0,0.0,1.0
56.81681681681682,3.0,1.5707963267948966,5.949843143735624,-1.0,0.0,0.0,0.0,0.0,1.0
56.87687687687688,3.0,1.5707963267948966,5.956132618517586,-1.0,0.0,0.0,0.0,0.0,1.0
56.93693693693694,3.0,1.5707963267948966,5.962422093299548,-1.0,0.0,0.0,0.0,0.0,1.0
56.996996996997,3.0,1.5707963267948966,5.968711568081509,-1.0,0.0,0.0,0.0,0.0,1.0
57.05705705705706,3.0,1.5707963267948966,5.975001042863471,-1.0,0.0,0.0,0.0,0.0,1.0
57.11711711711712,3.0,1.5707963267948966,5.981290517645432,-1.0,0.0,0.0,0.0,0.0,1.0
57.17717717717718,3.0,1.5707963267948966,5.987579992427394,-1.0,0.0,0.0,0.0,0.0,1.0
57.23723723723724,3.0,1.5707963267948966,5.993869467209355,-1.0,0.0,0.0,0.0,0.0,1.0
57.2972972972973,3.0,1.5707963267948966,6.000158941991317,-1.0,0.0,0.0,0.0,0.0,1.0
57.35735735735736,3.0,1.5707963267948966,6.006448416773279,-1.0,0.0,0.0,0.0,0.0,1.0
57.41741741741742,3.0,1.5707963267948966,6.012737891555239,-1.0,0.0,0.0,0.0,0.0,1.0
57.47747747747748,3.0,1.5707963267948966,6.019027366337201,-1.0,0.0,0.0,0.0,0.0,1.0
57.53753753753754,3.0,1.5707963267948966,6.025316841119163,-1.0,0.0,0.0,0.0,0.0,1.0
57.5975975975976,3.0,1.5707963267948966,6.031606315901125,-1.0,0.0,0.0,0.0,0.0,1.0
57.65765765765766,3.0,1.5707963267948966,6.037895790683086,-1.0,0.0,0.0,0.0,0.0,1.0
57.71771771771772,3.0,1.5707963267948966,6.044185265465047,-1.0,0.0,0.0,0.0,0.0,1.0
57.77777777777778,3.0,1.5707963267948966,6.050474740247009,-1.0,0.0,0.0,0.0,0.0,1.0
57.83783783783784,3.0,1.5707963267948966,6.056764215028971,-1.0,0.0,0.0,0.0,0.0,1.0
57.8978978978979,3.0,1.5707963267948966,6.063053689810932,-1.0,0.0,0.0,0.0,0.0,1.0
57.95795795795796,3.0,1.5707963267948966,6.069343164592894,-1.0,0.0,0.0,0.0,0.0,1.0
58.01801801801802,3.0,1.5707963267948966,6.075632639374856,-1.0,0.0,0.0,0.0,0.0,1.0
58.07807807807808,3.0,1.5707963267948966,6.081922114156816,-1.0,0.0,0.0,0.0,0.0,1.0
58.13813813813814,3.0,1.5707963267948966,6.088211588938778,-1.0,0.0,0.0,0.0,0.0,1.0
58.1981981981982,3.0,1.5707963267948966,6.09450106372074,-1.0,0.0,0.0,0.0,0.0,1.0
58.25825825825826,3.0,1.5707963267948966,6.100790538502702,-1.0,0.0,0.0,0.0,0.0,1.0
58.31831831831832,3.0,1.5707963267948966,6.107080013284663,-1.0,0.0,0.0,0.0,0.0,1.0
58.37837837837838,3.0,1.5707963267948966,6.113369488066624,-1.0,0.0,0.0,0.0,0.0,1.0
58.43843843843844,3.0,1.5707963267948966,6.119658962848586,-1.0,0.0,0.0,0.0,0.0,1.0
58.4984984984985,3.0,1.5707963267948966,6.125948437630547,-1.0,0.0,0.0,0.0,0.0,1.0
58.55855855855856,3.0,1.5707963267948966,6.132237912412509,-1.0,0.0,0.0,0.0,0.0,1.0
58.61861861861862,3.0,1.5707963267948966,6.138527387194471,-1.0,0.0,0.0,0.0,0.0,1.0
58.67867867867868,3.0,1.5707963267948966,6.144816861976433,-1.0,0.0,0.0,0.0,0.0,1.0
58.73873873873874,3.0,1.5707963267948966,6.151106336758393,-1.0,0.0,0.0,0.0,0.0,1.0
58.7987987987988,3.0,1.5707963267948966,6.157395811540355,-1.0,0.0,0.0,0.0,0.0,1.0
58.85885885885886,3.0,1.5707963267948966,6.163685286322317,-1.0,0.0,0.0,0.0,0.0,1.0
58.91891891891892,3.0,1.5707963267948966,6.169974761104279,-1.0,0.0,0.0,0.0,0.0,1.0
58.97897897897898,3.0,1.5707963267948966,6.17626423588624,-1.0,0.0,0.0,0.0,0.0,1.0
59.03903903903904,3.0,1.5707963267948966,6.182553710668201,-1.0,0.0,0.0,0.0,0.0,1.0
59.0990990990991,3.0,1.5707963267948966,6.188843185450163,-1.0,0.0,0.0,0.0,0.0,1.0
59.15915915915916,3.0,1.5707963267948966,6.195132660232124,-1.0,0.0,0.0,0.0,0.0,1.0
59.21921921921922,3.0,1.5707963267948966,6.201422135014086,-1.0,0.0,0.0,0.0,0.0,1.0
59.27927927927928,3.0,1.5707963267948966,6.207711609796048,-1.0,0.0,0.0,0.0,0.0,1.0
59.33933933933934,3.0,1.5707963267948966,6.21400108457801,-1.0,0.0,0.0,0.0,0.0,1.0
59.3993993993994,3.0,1.5707963267948966,6.22029055935997,-1.0,0.0,0.0,0.0,0.0,1.0
59.45945945945946,3.0,1.5707963267948966,6.226580034141932,-1.0,0.0,0.0,0.0,0.0,1.0
59.51951951951952,3.0,1.5707963267948966,6.232869508923894,-1.0,0.0,0.0,0.0,0.0,1.0
59.57957957957958,3.0,1.5707963267948966,6.239158983705855,-1.0,0.0,0.0,0.0,0.0,1.0
59.63963963963964,3.0,1.5707963267948966,6.245448458487817,-1.0,0.0,0.0,0.0,0.0,1.0
59.6996996996997,3.0,1.5707963267948966,6.251737933269778,-1.0,0.0,0.0,0.0,0.0,1.0
59.75975975975976,3.0,1.5707963267948966,6.25802740805174,-1.0,0.0,0.0,0.0,0.0,1.0
59.81981981981982,3.0,1.5707963267948966,6.264316882833701,-1.0,0.0,0.0,0.0,0.0,1.0
59.87987987987988,3.0,1.5707963267948966,6.270606357615663,-1.0,0.0,0.0,0.0,0.0,1.0
59.93993993993994,3.0,1.5707963267948966,6.276895832397625,-1.0,0.0,0.0,0.0,0.0,1.0
60.0,3.0,1.5707963267948966,6.283185307179585,-1.0,0.0,0.0,0.0,0.0,1.0